Cytokine Predictor,MRI Outcome,Spearman ρ,p-value,n,n_tests_in_group,Bonferroni_alpha_group,Sig (α=0.05),Sig (Bonferroni),Significance
IL-1β_T1-T4,Left Hemisphere,-0.927,0.0001,10,126,0.0003968253968253968,✓,✓,***
Tau_T4,Cortical,0.849,0.0019,10,126,0.0003968253968253968,✓,,*
IL-12p70_T1-T2,Fazekas Score,0.840,0.0023,10,126,0.0003968253968253968,✓,,*
IL-1β_T1-T4,Total New Infarcts,-0.839,0.0024,10,126,0.0003968253968253968,✓,,*
GFAP_T4,Fazekas Score,0.838,0.0025,10,126,0.0003968253968253968,✓,,*
Tau_T4,Right Hemisphere,0.809,0.0046,10,126,0.0003968253968253968,✓,,*
GFAP_T1,Fazekas Score,0.804,0.0051,10,126,0.0003968253968253968,✓,,*
Tau_T1-T4,Cortical,0.800,0.0054,10,126,0.0003968253968253968,✓,,*
GFAP_T1-T3,Cerebellum,0.799,0.0056,10,126,0.0003968253968253968,✓,,*
Tau_T4,Total New Infarcts,0.790,0.0065,10,126,0.0003968253968253968,✓,,*
TNF-α_T3-T4,Fazekas Score,-0.777,0.0082,10,126,0.0003968253968253968,✓,,*
IL-6_T1-T3,Pre-TAVI Infarcts,0.775,0.0085,10,126,0.0003968253968253968,✓,,*
GFAP_T3,Fazekas Score,0.771,0.0091,10,126,0.0003968253968253968,✓,,*
IFN-γ_T3-T4,Fazekas Score,-0.771,0.0091,10,126,0.0003968253968253968,✓,,*
IL-8_T3,Fazekas Score,0.771,0.0091,10,126,0.0003968253968253968,✓,,*
GFAP_T4,Pre-TAVI Infarcts,0.761,0.0106,10,126,0.0003968253968253968,✓,,*
IL-8_T3-T4,Fazekas Score,-0.750,0.0124,10,126,0.0003968253968253968,✓,,*
NF-L_T1-T3,Left Hemisphere,0.750,0.0125,10,126,0.0003968253968253968,✓,,*
Tau_T1-T4,Right Hemisphere,0.740,0.0144,10,126,0.0003968253968253968,✓,,*
IL-12p70_T1-T2,Pre-TAVI Infarcts,0.739,0.0146,10,126,0.0003968253968253968,✓,,*
IFN-γ_T1-T4,Pre-TAVI Infarcts,-0.720,0.0189,10,126,0.0003968253968253968,✓,,*
Tau_T1-T4,Left Hemisphere,0.720,0.0190,10,126,0.0003968253968253968,✓,,*
IL-2_T3-T4,Fazekas Score,-0.717,0.0196,10,126,0.0003968253968253968,✓,,*
Tau_T4,Left Hemisphere,0.707,0.0221,10,126,0.0003968253968253968,✓,,*
Tau_T1-T4,Total New Infarcts,0.705,0.0227,10,126,0.0003968253968253968,✓,,*
Tau_T3,Cerebellum,0.703,0.0233,10,126,0.0003968253968253968,✓,,*
Tau_T3-T4,Cortical,0.702,0.0237,10,126,0.0003968253968253968,✓,,*
NF-L_T1-T4,Cerebellum,0.696,0.0253,10,126,0.0003968253968253968,✓,,*
Tau_T3-T4,Right Hemisphere,0.696,0.0253,10,126,0.0003968253968253968,✓,,*
S100B_T1-T2,Cortical,0.695,0.0255,10,126,0.0003968253968253968,✓,,*
GFAP_T1,Pre-TAVI Infarcts,0.692,0.0265,10,126,0.0003968253968253968,✓,,*
NF-L_T3,Pre-TAVI Infarcts,0.692,0.0265,10,126,0.0003968253968253968,✓,,*
TNF-α_T2-T3,Cerebellum,-0.690,0.0273,10,126,0.0003968253968253968,✓,,*
IL-8_T1-T4,Fazekas Score,-0.683,0.0294,10,126,0.0003968253968253968,✓,,*
IL-8_T2,Fazekas Score,0.677,0.0316,10,126,0.0003968253968253968,✓,,*
NF-L_T1-T3,Total New Infarcts,0.675,0.0323,10,126,0.0003968253968253968,✓,,*
IFN-γ_T3-T4,Pre-TAVI Infarcts,-0.672,0.0334,10,126,0.0003968253968253968,✓,,*
NF-L_T1,Pre-TAVI Infarcts,0.672,0.0334,10,126,0.0003968253968253968,✓,,*
Tau_T1-T3,Left Hemisphere,0.665,0.0360,10,126,0.0003968253968253968,✓,,*
Tau_T3,Left Hemisphere,0.665,0.0360,10,126,0.0003968253968253968,✓,,*
NF-L_T1-T4,Total New Infarcts,0.663,0.0368,10,126,0.0003968253968253968,✓,,*
S100B_T1-T4,Right Hemisphere,0.659,0.0383,10,126,0.0003968253968253968,✓,,*
S100B_T1-T3,Cortical,0.659,0.0384,10,126,0.0003968253968253968,✓,,*
IL-8_T3-T4,Pre-TAVI Infarcts,-0.658,0.0386,10,126,0.0003968253968253968,✓,,*
IL-6_T1-T3,Fazekas Score,0.657,0.0392,10,126,0.0003968253968253968,✓,,*
IL-1β_T1-T4,Cortical,-0.652,0.0409,10,126,0.0003968253968253968,✓,,*
IL-12p70_T3,Cerebellum,-0.652,0.0412,10,126,0.0003968253968253968,✓,,*
IL-12p70_T2,Cerebellum,-0.652,0.0412,10,126,0.0003968253968253968,✓,,*
GFAP_T1-T4,Pre-TAVI Infarcts,0.651,0.0414,10,126,0.0003968253968253968,✓,,*
IL-8_T1,Fazekas Score,0.650,0.0419,10,126,0.0003968253968253968,✓,,*
Tau_T2-T4,Cortical,0.640,0.0462,10,126,0.0003968253968253968,✓,,*
GFAP_T3,Pre-TAVI Infarcts,0.637,0.0474,10,126,0.0003968253968253968,✓,,*
NF-L_T1-T3,Cerebellum,0.635,0.0485,10,126,0.0003968253968253968,✓,,*
Tau_T2-T4,Left Hemisphere,0.634,0.0489,10,126,0.0003968253968253968,✓,,*
IFN-γ_T1-T4,Fazekas Score,-0.630,0.0510,10,126,0.0003968253968253968,,,ns
NF-L_T1-T4,Cortical,0.628,0.0520,10,126,0.0003968253968253968,,,ns
IL-12p70_T1-T3,Fazekas Score,0.625,0.0533,10,126,0.0003968253968253968,,,ns
IL-12p70_T1,Fazekas Score,-0.624,0.0538,10,126,0.0003968253968253968,,,ns
TNF-α_T3-T4,Pre-TAVI Infarcts,-0.624,0.0540,10,126,0.0003968253968253968,,,ns
GFAP_T2-T4,Fazekas Score,0.623,0.0543,10,126,0.0003968253968253968,,,ns
GFAP_T1-T4,Cerebellum,0.621,0.0552,10,126,0.0003968253968253968,,,ns
Tau_T2-T4,Total New Infarcts,0.620,0.0558,10,126,0.0003968253968253968,,,ns
IL-1β_T3-T4,Total New Infarcts,-0.620,0.0558,10,126,0.0003968253968253968,,,ns
Tau_T4,Subcortical,0.618,0.0566,10,126,0.0003968253968253968,,,ns
IL-1β_T2,Left Hemisphere,-0.616,0.0580,10,126,0.0003968253968253968,,,ns
IFN-γ_T3,Cortical,0.615,0.0582,10,126,0.0003968253968253968,,,ns
NF-L_T4,Cerebellum,0.615,0.0587,10,126,0.0003968253968253968,,,ns
NF-L_T2-T3,Pre-TAVI Infarcts,0.610,0.0611,10,126,0.0003968253968253968,,,ns
GFAP_T2-T4,Pre-TAVI Infarcts,0.610,0.0611,10,126,0.0003968253968253968,,,ns
Tau_T3,Total New Infarcts,0.608,0.0623,10,126,0.0003968253968253968,,,ns
IL-1β_T4,Left Hemisphere,-0.604,0.0646,10,126,0.0003968253968253968,,,ns
NF-L_T4,Pre-TAVI Infarcts,0.603,0.0649,10,126,0.0003968253968253968,,,ns
IL-12p70_T1,Cerebellum,-0.601,0.0659,10,126,0.0003968253968253968,,,ns
S100B_T2-T4,Cerebellum,-0.601,0.0662,10,126,0.0003968253968253968,,,ns
S100B_T2-T3,Cerebellum,-0.601,0.0662,10,126,0.0003968253968253968,,,ns
IFN-γ_T2,Cortical,0.597,0.0684,10,126,0.0003968253968253968,,,ns
IL-10_T4,Left Hemisphere,-0.596,0.0688,10,126,0.0003968253968253968,,,ns
GFAP_T1-T4,Fazekas Score,0.596,0.0688,10,126,0.0003968253968253968,,,ns
IL-1β_T1-T4,Cerebellum,-0.594,0.0702,10,126,0.0003968253968253968,,,ns
IL-1β_T3-T4,Left Hemisphere,-0.591,0.0717,10,126,0.0003968253968253968,,,ns
IL-1β_T2-T3,Total New Infarcts,0.590,0.0728,10,126,0.0003968253968253968,,,ns
IL-12p70_T1-T4,Fazekas Score,0.590,0.0728,10,126,0.0003968253968253968,,,ns
IL-10_T1,Pre-TAVI Infarcts,-0.589,0.0729,10,126,0.0003968253968253968,,,ns
Tau_T1,Cerebellum,0.587,0.0743,10,126,0.0003968253968253968,,,ns
IFN-γ_T3,Left Hemisphere,0.585,0.0754,10,126,0.0003968253968253968,,,ns
IFN-γ_T1-T3,Fazekas Score,0.583,0.0770,10,126,0.0003968253968253968,,,ns
IFN-γ_T2-T4,Fazekas Score,-0.583,0.0770,10,126,0.0003968253968253968,,,ns
IL-1β_T1-T2,Cerebellum,-0.580,0.0786,10,126,0.0003968253968253968,,,ns
IL-12p70_T1-T3,Pre-TAVI Infarcts,0.574,0.0827,10,126,0.0003968253968253968,,,ns
IL-1β_T2,Cerebellum,-0.567,0.0876,10,126,0.0003968253968253968,,,ns
S100B_T1-T4,Cortical,0.566,0.0879,10,126,0.0003968253968253968,,,ns
NF-L_T2-T3,Fazekas Score,0.563,0.0903,10,126,0.0003968253968253968,,,ns
IL-2_T3-T4,Pre-TAVI Infarcts,-0.548,0.1008,10,126,0.0003968253968253968,,,ns
IL-13_T2-T4,Fazekas Score,0.543,0.1044,10,126,0.0003968253968253968,,,ns
IL-10_T1,Fazekas Score,-0.543,0.1050,10,126,0.0003968253968253968,,,ns
IL-6_T3,Left Hemisphere,0.543,0.1050,10,126,0.0003968253968253968,,,ns
TNF-α_T2,Cortical,0.542,0.1059,10,126,0.0003968253968253968,,,ns
IL-10_T3,Pre-TAVI Infarcts,-0.541,0.1060,10,126,0.0003968253968253968,,,ns
IL-4_T1,Right Hemisphere,0.541,0.1067,10,126,0.0003968253968253968,,,ns
IL-4_T3-T4,Right Hemisphere,0.541,0.1067,10,126,0.0003968253968253968,,,ns
IL-13_T1-T3,Right Hemisphere,-0.541,0.1067,10,126,0.0003968253968253968,,,ns
IL-4_T3,Right Hemisphere,0.541,0.1067,10,126,0.0003968253968253968,,,ns
IL-13_T1,Right Hemisphere,0.541,0.1067,10,126,0.0003968253968253968,,,ns
IL-4_T4,Right Hemisphere,0.541,0.1067,10,126,0.0003968253968253968,,,ns
IL-4_T1-T4,Right Hemisphere,-0.541,0.1067,10,126,0.0003968253968253968,,,ns
IL-4_T1-T3,Right Hemisphere,-0.541,0.1067,10,126,0.0003968253968253968,,,ns
IL-1β_T2-T3,Left Hemisphere,0.537,0.1098,10,126,0.0003968253968253968,,,ns
S100B_T4,Pre-TAVI Infarcts,0.535,0.1113,10,126,0.0003968253968253968,,,ns
IL-10_T1-T2,Right Hemisphere,-0.533,0.1125,10,126,0.0003968253968253968,,,ns
GFAP_T3,Cerebellum,0.533,0.1130,10,126,0.0003968253968253968,,,ns
Tau_T2-T3,Left Hemisphere,0.530,0.1147,10,126,0.0003968253968253968,,,ns
IL-2_T2-T3,Fazekas Score,0.529,0.1156,10,126,0.0003968253968253968,,,ns
S100B_T1-T3,Right Hemisphere,0.527,0.1176,10,126,0.0003968253968253968,,,ns
IFN-γ_T1-T2,Subcortical,0.526,0.1181,10,126,0.0003968253968253968,,,ns
IL-10_T2-T3,Cerebellum,-0.526,0.1186,10,126,0.0003968253968253968,,,ns
NF-L_T1-T4,Left Hemisphere,0.524,0.1197,10,126,0.0003968253968253968,,,ns
IL-2_T1-T3,Microhaemorrhage,-0.524,0.1202,10,126,0.0003968253968253968,,,ns
IFN-γ_T3,Total New Infarcts,0.523,0.1210,10,126,0.0003968253968253968,,,ns
Tau_T1-T2,Microhaemorrhage,0.522,0.1215,10,126,0.0003968253968253968,,,ns
IL-8_T2-T4,Microhaemorrhage,0.522,0.1215,10,126,0.0003968253968253968,,,ns
TNF-α_T4,Microhaemorrhage,-0.522,0.1215,10,126,0.0003968253968253968,,,ns
IL-8_T4,Microhaemorrhage,0.522,0.1215,10,126,0.0003968253968253968,,,ns
IL-2_T1-T4,Microhaemorrhage,-0.522,0.1215,10,126,0.0003968253968253968,,,ns
TNF-α_T1-T4,Microhaemorrhage,-0.522,0.1215,10,126,0.0003968253968253968,,,ns
IL-2_T1-T2,Microhaemorrhage,-0.522,0.1215,10,126,0.0003968253968253968,,,ns
TNF-α_T3,Microhaemorrhage,-0.522,0.1215,10,126,0.0003968253968253968,,,ns
IL-10_T2,Microhaemorrhage,-0.522,0.1215,10,126,0.0003968253968253968,,,ns
NF-L_T2,Microhaemorrhage,0.522,0.1215,10,126,0.0003968253968253968,,,ns
GFAP_T1,Microhaemorrhage,0.522,0.1215,10,126,0.0003968253968253968,,,ns
Tau_T2,Microhaemorrhage,0.522,0.1215,10,126,0.0003968253968253968,,,ns
GFAP_T1-T2,Microhaemorrhage,0.522,0.1215,10,126,0.0003968253968253968,,,ns
GFAP_T2,Microhaemorrhage,0.522,0.1215,10,126,0.0003968253968253968,,,ns
TNF-α_T1,Microhaemorrhage,-0.522,0.1215,10,126,0.0003968253968253968,,,ns
IL-10_T3,Microhaemorrhage,-0.522,0.1215,10,126,0.0003968253968253968,,,ns
IL-6_T1,Cerebellum,-0.519,0.1243,10,126,0.0003968253968253968,,,ns
NF-L_T3,Cerebellum,0.519,0.1243,10,126,0.0003968253968253968,,,ns
IFN-γ_T2,Left Hemisphere,0.518,0.1248,10,126,0.0003968253968253968,,,ns
S100B_T3-T4,Cortical,-0.517,0.1260,10,126,0.0003968253968253968,,,ns
IL-2_T1,Right Hemisphere,0.514,0.1282,10,126,0.0003968253968253968,,,ns
IL-1β_T1-T2,Left Hemisphere,-0.512,0.1301,10,126,0.0003968253968253968,,,ns
NF-L_T4,Total New Infarcts,0.511,0.1315,10,126,0.0003968253968253968,,,ns
IL-13_T1-T4,Right Hemisphere,-0.509,0.1326,10,126,0.0003968253968253968,,,ns
Tau_T3-T4,Pre-TAVI Infarcts,0.507,0.1345,10,126,0.0003968253968253968,,,ns
IL-8_T2,Pre-TAVI Infarcts,0.507,0.1345,10,126,0.0003968253968253968,,,ns
IL-8_T3,Pre-TAVI Infarcts,0.507,0.1345,10,126,0.0003968253968253968,,,ns
IFN-γ_T2-T4,Left Hemisphere,-0.506,0.1355,10,126,0.0003968253968253968,,,ns
S100B_T1-T4,Left Hemisphere,0.506,0.1355,10,126,0.0003968253968253968,,,ns
IL-10_T2-T4,Left Hemisphere,-0.506,0.1355,10,126,0.0003968253968253968,,,ns
S100B_T3,Cortical,0.505,0.1368,10,126,0.0003968253968253968,,,ns
NF-L_T4,Cortical,0.505,0.1368,10,126,0.0003968253968253968,,,ns
IFN-γ_T2,Total New Infarcts,0.505,0.1369,10,126,0.0003968253968253968,,,ns
IL-1β_T4,Total New Infarcts,-0.505,0.1369,10,126,0.0003968253968253968,,,ns
NF-L_T2-T4,Fazekas Score,0.503,0.1388,10,126,0.0003968253968253968,,,ns
IL-8_T2-T4,Subcortical,0.500,0.1411,10,126,0.0003968253968253968,,,ns
IL-6_T1-T2,Cerebellum,0.498,0.1426,10,126,0.0003968253968253968,,,ns
IL-8_T4,Left Hemisphere,0.494,0.1468,10,126,0.0003968253968253968,,,ns
IFN-γ_T2-T4,Pre-TAVI Infarcts,-0.494,0.1472,10,126,0.0003968253968253968,,,ns
IFN-γ_T1-T3,Pre-TAVI Infarcts,0.494,0.1472,10,126,0.0003968253968253968,,,ns
S100B_T3-T4,Subcortical,-0.493,0.1472,10,126,0.0003968253968253968,,,ns
S100B_T1-T2,Total New Infarcts,0.492,0.1482,10,126,0.0003968253968253968,,,ns
IL-1β_T2,Total New Infarcts,-0.492,0.1482,10,126,0.0003968253968253968,,,ns
Tau_T2-T4,Right Hemisphere,0.489,0.1512,10,126,0.0003968253968253968,,,ns
IL-8_T1-T4,Pre-TAVI Infarcts,-0.487,0.1538,10,126,0.0003968253968253968,,,ns
IL-1β_T1-T2,Total New Infarcts,-0.486,0.1541,10,126,0.0003968253968253968,,,ns
Tau_T3-T4,Total New Infarcts,0.486,0.1541,10,126,0.0003968253968253968,,,ns
IL-2_T2,Fazekas Score,-0.482,0.1579,10,126,0.0003968253968253968,,,ns
IL-10_T4,Total New Infarcts,-0.482,0.1586,10,126,0.0003968253968253968,,,ns
IL-1β_T1-T4,Subcortical,-0.480,0.1600,10,126,0.0003968253968253968,,,ns
TNF-α_T2,Total New Infarcts,0.480,0.1601,10,126,0.0003968253968253968,,,ns
IL-13_T2-T3,Fazekas Score,0.478,0.1622,10,126,0.0003968253968253968,,,ns
IL-13_T1-T2,Fazekas Score,-0.478,0.1622,10,126,0.0003968253968253968,,,ns
IL-4_T1-T2,Fazekas Score,-0.478,0.1622,10,126,0.0003968253968253968,,,ns
IL-4_T2-T4,Fazekas Score,0.478,0.1622,10,126,0.0003968253968253968,,,ns
IL-13_T2,Fazekas Score,-0.478,0.1622,10,126,0.0003968253968253968,,,ns
IL-4_T2-T3,Fazekas Score,0.478,0.1622,10,126,0.0003968253968253968,,,ns
IL-4_T2,Fazekas Score,-0.478,0.1622,10,126,0.0003968253968253968,,,ns
IL-6_T1-T3,Cerebellum,0.478,0.1624,10,126,0.0003968253968253968,,,ns
IFN-γ_T1-T2,Cerebellum,0.478,0.1624,10,126,0.0003968253968253968,,,ns
S100B_T1-T2,Right Hemisphere,0.477,0.1635,10,126,0.0003968253968253968,,,ns
IL-10_T1,Right Hemisphere,0.477,0.1635,10,126,0.0003968253968253968,,,ns
IL-2_T2-T4,Fazekas Score,-0.476,0.1646,10,126,0.0003968253968253968,,,ns
TNF-α_T4,Fazekas Score,-0.476,0.1646,10,126,0.0003968253968253968,,,ns
S100B_T4,Fazekas Score,0.476,0.1646,10,126,0.0003968253968253968,,,ns
TNF-α_T1-T3,Fazekas Score,0.476,0.1646,10,126,0.0003968253968253968,,,ns
S100B_T1-T2,Left Hemisphere,0.476,0.1647,10,126,0.0003968253968253968,,,ns
GFAP_T1-T3,Total New Infarcts,0.474,0.1662,10,126,0.0003968253968253968,,,ns
IL-1β_T2-T4,Total New Infarcts,-0.474,0.1662,10,126,0.0003968253968253968,,,ns
IL-12p70_T3-T4,Fazekas Score,0.474,0.1666,10,126,0.0003968253968253968,,,ns
IL-1β_T3-T4,Subcortical,-0.474,0.1666,10,126,0.0003968253968253968,,,ns
IL-1β_T2-T3,Subcortical,0.474,0.1666,10,126,0.0003968253968253968,,,ns
GFAP_T1-T4,Left Hemisphere,0.470,0.1710,10,126,0.0003968253968253968,,,ns
NF-L_T3,Fazekas Score,0.469,0.1715,10,126,0.0003968253968253968,,,ns
S100B_T3,Fazekas Score,0.469,0.1715,10,126,0.0003968253968253968,,,ns
IL-2_T1-T2,Subcortical,-0.467,0.1734,10,126,0.0003968253968253968,,,ns
IL-12p70_T4,Microhaemorrhage,-0.466,0.1750,10,126,0.0003968253968253968,,,ns
IL-10_T4,Microhaemorrhage,-0.466,0.1750,10,126,0.0003968253968253968,,,ns
IL-10_T3,Cerebellum,-0.464,0.1764,10,126,0.0003968253968253968,,,ns
IL-10_T1,Cerebellum,-0.464,0.1764,10,126,0.0003968253968253968,,,ns
GFAP_T2-T4,Cerebellum,0.464,0.1764,10,126,0.0003968253968253968,,,ns
S100B_T3-T4,Right Hemisphere,-0.464,0.1765,10,126,0.0003968253968253968,,,ns
IFN-γ_T3,Fazekas Score,0.462,0.1785,10,126,0.0003968253968253968,,,ns
IFN-γ_T2,Fazekas Score,0.462,0.1785,10,126,0.0003968253968253968,,,ns
Tau_T1-T3,Total New Infarcts,0.462,0.1789,10,126,0.0003968253968253968,,,ns
IL-13_T1-T4,Fazekas Score,0.462,0.1792,10,126,0.0003968253968253968,,,ns
IFN-γ_T1-T3,Cortical,0.462,0.1793,10,126,0.0003968253968253968,,,ns
NF-L_T2-T4,Pre-TAVI Infarcts,0.459,0.1818,10,126,0.0003968253968253968,,,ns
IL-1β_T1-T4,Right Hemisphere,-0.458,0.1832,10,126,0.0003968253968253968,,,ns
NF-L_T3,Left Hemisphere,0.457,0.1839,10,126,0.0003968253968253968,,,ns
S100B_T1-T3,Total New Infarcts,0.456,0.1854,10,126,0.0003968253968253968,,,ns
IL-6_T3,Cortical,0.455,0.1859,10,126,0.0003968253968253968,,,ns
TNF-α_T4,Pre-TAVI Infarcts,-0.452,0.1893,10,126,0.0003968253968253968,,,ns
NF-L_T1-T4,Right Hemisphere,0.452,0.1901,10,126,0.0003968253968253968,,,ns
S100B_T1-T3,Left Hemisphere,0.451,0.1905,10,126,0.0003968253968253968,,,ns
IL-1β_T2-T4,Left Hemisphere,-0.451,0.1905,10,126,0.0003968253968253968,,,ns
S100B_T1-T4,Total New Infarcts,0.450,0.1921,10,126,0.0003968253968253968,,,ns
Tau_T2-T3,Total New Infarcts,0.450,0.1921,10,126,0.0003968253968253968,,,ns
IL-1β_T1-T2,Cortical,-0.449,0.1927,10,126,0.0003968253968253968,,,ns
NF-L_T1-T3,Cortical,0.449,0.1927,10,126,0.0003968253968253968,,,ns
IL-10_T1-T3,Subcortical,-0.447,0.1948,10,126,0.0003968253968253968,,,ns
GFAP_T1-T2,Subcortical,0.447,0.1948,10,126,0.0003968253968253968,,,ns
IFN-γ_T1,Pre-TAVI Infarcts,0.446,0.1969,10,126,0.0003968253968253968,,,ns
IL-12p70_T1,Pre-TAVI Infarcts,-0.444,0.1985,10,126,0.0003968253968253968,,,ns
Tau_T3,Subcortical,0.441,0.2022,10,126,0.0003968253968253968,,,ns
NF-L_T1-T2,Right Hemisphere,0.439,0.2042,10,126,0.0003968253968253968,,,ns
IL-10_T1-T4,Left Hemisphere,-0.439,0.2043,10,126,0.0003968253968253968,,,ns
NF-L_T4,Left Hemisphere,0.439,0.2043,10,126,0.0003968253968253968,,,ns
GFAP_T1-T3,Left Hemisphere,0.439,0.2043,10,126,0.0003968253968253968,,,ns
IL-12p70_T4,Pre-TAVI Infarcts,-0.437,0.2071,10,126,0.0003968253968253968,,,ns
S100B_T2-T3,Fazekas Score,-0.436,0.2084,10,126,0.0003968253968253968,,,ns
IL-1β_T2-T4,Subcortical,-0.434,0.2099,10,126,0.0003968253968253968,,,ns
NF-L_T1-T2,Subcortical,0.434,0.2099,10,126,0.0003968253968253968,,,ns
IL-1β_T2-T4,Right Hemisphere,-0.433,0.2115,10,126,0.0003968253968253968,,,ns
Tau_T2-T4,Pre-TAVI Infarcts,0.432,0.2127,10,126,0.0003968253968253968,,,ns
IL-6_T2,Pre-TAVI Infarcts,-0.432,0.2127,10,126,0.0003968253968253968,,,ns
IFN-γ_T1-T2,Total New Infarcts,0.432,0.2129,10,126,0.0003968253968253968,,,ns
GFAP_T2-T3,Cerebellum,0.430,0.2147,10,126,0.0003968253968253968,,,ns
TNF-α_T2-T4,Fazekas Score,-0.429,0.2163,10,126,0.0003968253968253968,,,ns
Tau_T1-T4,Subcortical,0.428,0.2176,10,126,0.0003968253968253968,,,ns
IL-10_T4,Subcortical,-0.426,0.2200,10,126,0.0003968253968253968,,,ns
IL-2_T1,Cortical,0.425,0.2212,10,126,0.0003968253968253968,,,ns
GFAP_T4,Cerebellum,0.423,0.2228,10,126,0.0003968253968253968,,,ns
IFN-γ_T2-T4,Cerebellum,-0.423,0.2228,10,126,0.0003968253968253968,,,ns
GFAP_T1,Cerebellum,0.423,0.2228,10,126,0.0003968253968253968,,,ns
IL-2_T4,Fazekas Score,-0.422,0.2243,10,126,0.0003968253968253968,,,ns
IL-2_T1,Subcortical,0.421,0.2256,10,126,0.0003968253968253968,,,ns
IL-8_T1-T2,Left Hemisphere,0.421,0.2260,10,126,0.0003968253968253968,,,ns
IL-10_T3-T4,Left Hemisphere,-0.421,0.2260,10,126,0.0003968253968253968,,,ns
IL-8_T1-T2,Total New Infarcts,0.419,0.2276,10,126,0.0003968253968253968,,,ns
IFN-γ_T3,Pre-TAVI Infarcts,0.418,0.2292,10,126,0.0003968253968253968,,,ns
IFN-γ_T1,Fazekas Score,0.415,0.2325,10,126,0.0003968253968253968,,,ns
IL-10_T1-T4,Subcortical,-0.415,0.2337,10,126,0.0003968253968253968,,,ns
IL-1β_T2-T3,Right Hemisphere,0.414,0.2342,10,126,0.0003968253968253968,,,ns
S100B_T3-T4,Total New Infarcts,-0.413,0.2351,10,126,0.0003968253968253968,,,ns
IL-6_T3,Total New Infarcts,0.413,0.2351,10,126,0.0003968253968253968,,,ns
IL-4_T1,Cortical,0.412,0.2362,10,126,0.0003968253968253968,,,ns
IL-4_T1-T3,Cortical,-0.412,0.2362,10,126,0.0003968253968253968,,,ns
IL-4_T3,Cortical,0.412,0.2362,10,126,0.0003968253968253968,,,ns
IL-4_T1-T4,Cortical,-0.412,0.2362,10,126,0.0003968253968253968,,,ns
IL-13_T1-T3,Cortical,-0.412,0.2362,10,126,0.0003968253968253968,,,ns
IL-13_T1,Cortical,0.412,0.2362,10,126,0.0003968253968253968,,,ns
IL-4_T3-T4,Cortical,0.412,0.2362,10,126,0.0003968253968253968,,,ns
IL-4_T4,Cortical,0.412,0.2362,10,126,0.0003968253968253968,,,ns
IL-12p70_T1,Microhaemorrhage,-0.411,0.2378,10,126,0.0003968253968253968,,,ns
IL-8_T2-T4,Fazekas Score,-0.409,0.2409,10,126,0.0003968253968253968,,,ns
GFAP_T2-T3,Fazekas Score,0.409,0.2409,10,126,0.0003968253968253968,,,ns
S100B_T3-T4,Left Hemisphere,-0.409,0.2411,10,126,0.0003968253968253968,,,ns
IL-6_T2-T3,Left Hemisphere,0.409,0.2411,10,126,0.0003968253968253968,,,ns
IL-8_T1-T4,Subcortical,0.408,0.2419,10,126,0.0003968253968253968,,,ns
Tau_T3-T4,Subcortical,0.408,0.2419,10,126,0.0003968253968253968,,,ns
TNF-α_T3-T4,Right Hemisphere,0.408,0.2421,10,126,0.0003968253968253968,,,ns
IL-2_T1-T2,Right Hemisphere,-0.408,0.2421,10,126,0.0003968253968253968,,,ns
GFAP_T4,Microhaemorrhage,0.406,0.2441,10,126,0.0003968253968253968,,,ns
TNF-α_T2-T3,Microhaemorrhage,-0.406,0.2441,10,126,0.0003968253968253968,,,ns
IL-8_T2-T3,Microhaemorrhage,0.406,0.2441,10,126,0.0003968253968253968,,,ns
IL-10_T1-T3,Microhaemorrhage,-0.406,0.2441,10,126,0.0003968253968253968,,,ns
GFAP_T3,Microhaemorrhage,0.406,0.2441,10,126,0.0003968253968253968,,,ns
IFN-γ_T4,Microhaemorrhage,-0.406,0.2441,10,126,0.0003968253968253968,,,ns
IFN-γ_T2-T3,Microhaemorrhage,0.406,0.2441,10,126,0.0003968253968253968,,,ns
IL-1β_T2,Microhaemorrhage,-0.406,0.2441,10,126,0.0003968253968253968,,,ns
TNF-α_T1-T3,Microhaemorrhage,-0.406,0.2441,10,126,0.0003968253968253968,,,ns
NF-L_T4,Microhaemorrhage,0.406,0.2441,10,126,0.0003968253968253968,,,ns
NF-L_T3,Microhaemorrhage,0.406,0.2441,10,126,0.0003968253968253968,,,ns
IL-1β_T3,Microhaemorrhage,-0.406,0.2441,10,126,0.0003968253968253968,,,ns
S100B_T2-T3,Microhaemorrhage,-0.406,0.2441,10,126,0.0003968253968253968,,,ns
IL-10_T1-T2,Microhaemorrhage,-0.406,0.2441,10,126,0.0003968253968253968,,,ns
NF-L_T1,Microhaemorrhage,0.406,0.2441,10,126,0.0003968253968253968,,,ns
IL-8_T1-T2,Microhaemorrhage,-0.406,0.2441,10,126,0.0003968253968253968,,,ns
IL-2_T3,Microhaemorrhage,-0.406,0.2441,10,126,0.0003968253968253968,,,ns
NF-L_T1-T2,Microhaemorrhage,0.406,0.2441,10,126,0.0003968253968253968,,,ns
GFAP_T1-T4,Microhaemorrhage,0.406,0.2441,10,126,0.0003968253968253968,,,ns
IL-6_T2,Microhaemorrhage,-0.406,0.2441,10,126,0.0003968253968253968,,,ns
S100B_T2-T4,Microhaemorrhage,-0.406,0.2441,10,126,0.0003968253968253968,,,ns
NF-L_T1-T3,Microhaemorrhage,0.406,0.2441,10,126,0.0003968253968253968,,,ns
IL-1β_T4,Microhaemorrhage,-0.406,0.2441,10,126,0.0003968253968253968,,,ns
IL-12p70_T2-T4,Cerebellum,0.404,0.2468,10,126,0.0003968253968253968,,,ns
IL-12p70_T3-T4,Cerebellum,0.404,0.2468,10,126,0.0003968253968253968,,,ns
GFAP_T1-T2,Right Hemisphere,0.401,0.2501,10,126,0.0003968253968253968,,,ns
IL-8_T1,Pre-TAVI Infarcts,0.398,0.2553,10,126,0.0003968253968253968,,,ns
IFN-γ_T2-T3,Pre-TAVI Infarcts,0.398,0.2553,10,126,0.0003968253968253968,,,ns
TNF-α_T1-T3,Pre-TAVI Infarcts,0.398,0.2553,10,126,0.0003968253968253968,,,ns
IL-8_T4,Total New Infarcts,0.395,0.2584,10,126,0.0003968253968253968,,,ns
NF-L_T1-T4,Subcortical,0.395,0.2589,10,126,0.0003968253968253968,,,ns
IL-13_T1-T2,Pre-TAVI Infarcts,-0.391,0.2635,10,126,0.0003968253968253968,,,ns
IL-13_T2-T3,Pre-TAVI Infarcts,0.391,0.2635,10,126,0.0003968253968253968,,,ns
IL-4_T2-T4,Pre-TAVI Infarcts,0.391,0.2635,10,126,0.0003968253968253968,,,ns
IL-4_T2,Pre-TAVI Infarcts,-0.391,0.2635,10,126,0.0003968253968253968,,,ns
IL-4_T1-T2,Pre-TAVI Infarcts,-0.391,0.2635,10,126,0.0003968253968253968,,,ns
IL-13_T2,Pre-TAVI Infarcts,-0.391,0.2635,10,126,0.0003968253968253968,,,ns
IL-4_T2-T3,Pre-TAVI Infarcts,0.391,0.2635,10,126,0.0003968253968253968,,,ns
IFN-γ_T2-T4,Total New Infarcts,-0.389,0.2665,10,126,0.0003968253968253968,,,ns
IL-10_T1-T4,Total New Infarcts,-0.389,0.2665,10,126,0.0003968253968253968,,,ns
NF-L_T1-T3,Subcortical,0.388,0.2676,10,126,0.0003968253968253968,,,ns
S100B_T2,Cortical,0.388,0.2682,10,126,0.0003968253968253968,,,ns
GFAP_T1-T3,Pre-TAVI Infarcts,0.384,0.2735,10,126,0.0003968253968253968,,,ns
NF-L_T3,Total New Infarcts,0.383,0.2747,10,126,0.0003968253968253968,,,ns
IL-13_T3-T4,Fazekas Score,0.383,0.2753,10,126,0.0003968253968253968,,,ns
IL-13_T4,Fazekas Score,0.383,0.2753,10,126,0.0003968253968253968,,,ns
NF-L_T1-T2,Fazekas Score,-0.382,0.2761,10,126,0.0003968253968253968,,,ns
IFN-γ_T2-T3,Fazekas Score,0.382,0.2761,10,126,0.0003968253968253968,,,ns
NF-L_T1,Fazekas Score,0.382,0.2761,10,126,0.0003968253968253968,,,ns
NF-L_T2,Subcortical,0.382,0.2765,10,126,0.0003968253968253968,,,ns
IL-1β_T4,Subcortical,-0.382,0.2765,10,126,0.0003968253968253968,,,ns
IL-1β_T3-T4,Cortical,-0.382,0.2766,10,126,0.0003968253968253968,,,ns
IL-2_T2-T3,Cortical,0.382,0.2766,10,126,0.0003968253968253968,,,ns
TNF-α_T2-T4,Left Hemisphere,-0.378,0.2814,10,126,0.0003968253968253968,,,ns
IL-10_T2,Pre-TAVI Infarcts,-0.377,0.2829,10,126,0.0003968253968253968,,,ns
IL-10_T2-T4,Total New Infarcts,-0.377,0.2830,10,126,0.0003968253968253968,,,ns
IL-1β_T3-T4,Right Hemisphere,-0.376,0.2837,10,126,0.0003968253968253968,,,ns
NF-L_T1,Cerebellum,0.376,0.2849,10,126,0.0003968253968253968,,,ns
S100B_T4,Cortical,0.375,0.2850,10,126,0.0003968253968253968,,,ns
S100B_T2,Fazekas Score,0.375,0.2853,10,126,0.0003968253968253968,,,ns
NF-L_T3-T4,Left Hemisphere,-0.372,0.2899,10,126,0.0003968253968253968,,,ns
GFAP_T3-T4,Pre-TAVI Infarcts,0.370,0.2924,10,126,0.0003968253968253968,,,ns
IL-2_T2-T4,Pre-TAVI Infarcts,-0.370,0.2924,10,126,0.0003968253968253968,,,ns
IL-6_T2-T3,Pre-TAVI Infarcts,0.370,0.2924,10,126,0.0003968253968253968,,,ns
IL-2_T2-T3,Pre-TAVI Infarcts,0.370,0.2924,10,126,0.0003968253968253968,,,ns
GFAP_T2-T3,Pre-TAVI Infarcts,0.370,0.2924,10,126,0.0003968253968253968,,,ns
NF-L_T1-T3,Pre-TAVI Infarcts,0.370,0.2924,10,126,0.0003968253968253968,,,ns
GFAP_T1-T3,Cortical,0.369,0.2936,10,126,0.0003968253968253968,,,ns
TNF-α_T2-T3,Subcortical,-0.368,0.2948,10,126,0.0003968253968253968,,,ns
IL-6_T3-T4,Left Hemisphere,-0.366,0.2985,10,126,0.0003968253968253968,,,ns
S100B_T3,Right Hemisphere,0.364,0.3013,10,126,0.0003968253968253968,,,ns
TNF-α_T2,Right Hemisphere,0.364,0.3013,10,126,0.0003968253968253968,,,ns
IL-8_T4,Cortical,0.363,0.3024,10,126,0.0003968253968253968,,,ns
IL-10_T1-T2,Cerebellum,0.362,0.3042,10,126,0.0003968253968253968,,,ns
IFN-γ_T2-T3,Cerebellum,-0.362,0.3042,10,126,0.0003968253968253968,,,ns
S100B_T1,Fazekas Score,0.362,0.3043,10,126,0.0003968253968253968,,,ns
IL-2_T1,Fazekas Score,-0.362,0.3043,10,126,0.0003968253968253968,,,ns
IL-12p70_T3,Microhaemorrhage,-0.359,0.3080,10,126,0.0003968253968253968,,,ns
IL-12p70_T2,Microhaemorrhage,-0.359,0.3080,10,126,0.0003968253968253968,,,ns
IL-8_T1-T2,Right Hemisphere,0.358,0.3104,10,126,0.0003968253968253968,,,ns
IL-1β_T3,Right Hemisphere,0.358,0.3104,10,126,0.0003968253968253968,,,ns
IL-8_T1-T2,Cortical,0.357,0.3113,10,126,0.0003968253968253968,,,ns
S100B_T1-T3,Subcortical,0.355,0.3137,10,126,0.0003968253968253968,,,ns
TNF-α_T3-T4,Subcortical,0.355,0.3137,10,126,0.0003968253968253968,,,ns
IL-6_T1-T4,Fazekas Score,0.355,0.3140,10,126,0.0003968253968253968,,,ns
TNF-α_T1-T3,Cerebellum,-0.355,0.3141,10,126,0.0003968253968253968,,,ns
IL-6_T1-T4,Cerebellum,0.355,0.3141,10,126,0.0003968253968253968,,,ns
NF-L_T2-T3,Left Hemisphere,0.354,0.3161,10,126,0.0003968253968253968,,,ns
TNF-α_T2-T4,Total New Infarcts,-0.353,0.3177,10,126,0.0003968253968253968,,,ns
TNF-α_T2-T3,Total New Infarcts,-0.353,0.3177,10,126,0.0003968253968253968,,,ns
IL-2_T4,Right Hemisphere,0.351,0.3195,10,126,0.0003968253968253968,,,ns
IL-2_T4,Cortical,0.351,0.3203,10,126,0.0003968253968253968,,,ns
IL-1β_T2-T3,Cortical,0.351,0.3203,10,126,0.0003968253968253968,,,ns
IL-8_T4,Subcortical,0.349,0.3234,10,126,0.0003968253968253968,,,ns
IL-6_T1-T2,Subcortical,0.349,0.3234,10,126,0.0003968253968253968,,,ns
Tau_T4,Cerebellum,0.348,0.3241,10,126,0.0003968253968253968,,,ns
TNF-α_T2,Left Hemisphere,0.348,0.3251,10,126,0.0003968253968253968,,,ns
Tau_T3-T4,Left Hemisphere,0.348,0.3251,10,126,0.0003968253968253968,,,ns
IL-6_T1-T2,Pre-TAVI Infarcts,0.343,0.3323,10,126,0.0003968253968253968,,,ns
IFN-γ_T2,Pre-TAVI Infarcts,0.343,0.3323,10,126,0.0003968253968253968,,,ns
GFAP_T1-T3,Fazekas Score,0.342,0.3338,10,126,0.0003968253968253968,,,ns
S100B_T1,Left Hemisphere,-0.341,0.3342,10,126,0.0003968253968253968,,,ns
Tau_T2-T3,Cerebellum,0.341,0.3343,10,126,0.0003968253968253968,,,ns
Tau_T1-T2,Right Hemisphere,0.339,0.3383,10,126,0.0003968253968253968,,,ns
NF-L_T2,Right Hemisphere,0.339,0.3383,10,126,0.0003968253968253968,,,ns
IL-12p70_T2-T3,Fazekas Score,-0.339,0.3383,10,126,0.0003968253968253968,,,ns
IFN-γ_T3,Cerebellum,0.335,0.3447,10,126,0.0003968253968253968,,,ns
GFAP_T4,Right Hemisphere,-0.332,0.3479,10,126,0.0003968253968253968,,,ns
Tau_T4,Pre-TAVI Infarcts,0.329,0.3533,10,126,0.0003968253968253968,,,ns
IL-10_T1-T2,Subcortical,-0.329,0.3533,10,126,0.0003968253968253968,,,ns
IL-10_T2,Fazekas Score,-0.328,0.3544,10,126,0.0003968253968253968,,,ns
IL-2_T4,Total New Infarcts,0.328,0.3544,10,126,0.0003968253968253968,,,ns
IFN-γ_T1-T3,Total New Infarcts,0.328,0.3544,10,126,0.0003968253968253968,,,ns
IL-12p70_T1,Left Hemisphere,-0.327,0.3561,10,126,0.0003968253968253968,,,ns
S100B_T1-T2,Subcortical,0.322,0.3636,10,126,0.0003968253968253968,,,ns
IL-2_T1,Pre-TAVI Infarcts,-0.322,0.3640,10,126,0.0003968253968253968,,,ns
IL-6_T1,Pre-TAVI Infarcts,-0.322,0.3640,10,126,0.0003968253968253968,,,ns
IL-12p70_T2-T3,Pre-TAVI Infarcts,-0.322,0.3646,10,126,0.0003968253968253968,,,ns
IL-1β_T1-T2,Fazekas Score,0.322,0.3648,10,126,0.0003968253968253968,,,ns
GFAP_T1-T2,Fazekas Score,-0.322,0.3648,10,126,0.0003968253968253968,,,ns
TNF-α_T1-T4,Fazekas Score,-0.322,0.3648,10,126,0.0003968253968253968,,,ns
IFN-γ_T2,Cerebellum,0.321,0.3659,10,126,0.0003968253968253968,,,ns
IL-13_T1,Fazekas Score,-0.321,0.3662,10,126,0.0003968253968253968,,,ns
IL-4_T4,Fazekas Score,-0.321,0.3662,10,126,0.0003968253968253968,,,ns
IL-13_T1-T3,Fazekas Score,0.321,0.3662,10,126,0.0003968253968253968,,,ns
IL-4_T3,Fazekas Score,-0.321,0.3662,10,126,0.0003968253968253968,,,ns
IL-4_T3-T4,Fazekas Score,-0.321,0.3662,10,126,0.0003968253968253968,,,ns
IL-4_T1-T3,Fazekas Score,0.321,0.3662,10,126,0.0003968253968253968,,,ns
IL-4_T1,Fazekas Score,-0.321,0.3662,10,126,0.0003968253968253968,,,ns
IL-4_T1-T4,Fazekas Score,0.321,0.3662,10,126,0.0003968253968253968,,,ns
IL-10_T2,Cortical,0.320,0.3673,10,126,0.0003968253968253968,,,ns
NF-L_T4,Right Hemisphere,0.320,0.3675,10,126,0.0003968253968253968,,,ns
IL-12p70_T1,Cortical,-0.318,0.3709,10,126,0.0003968253968253968,,,ns
IL-1β_T2,Subcortical,-0.316,0.3740,10,126,0.0003968253968253968,,,ns
IL-2_T2,Pre-TAVI Infarcts,-0.315,0.3749,10,126,0.0003968253968253968,,,ns
NF-L_T4,Fazekas Score,0.315,0.3755,10,126,0.0003968253968253968,,,ns
IFN-γ_T1-T2,Cortical,0.314,0.3771,10,126,0.0003968253968253968,,,ns
IFN-γ_T2-T4,Cortical,-0.314,0.3771,10,126,0.0003968253968253968,,,ns
IL-1β_T1-T2,Right Hemisphere,-0.314,0.3775,10,126,0.0003968253968253968,,,ns
IFN-γ_T1-T2,Left Hemisphere,0.311,0.3818,10,126,0.0003968253968253968,,,ns
IL-6_T2,Left Hemisphere,0.311,0.3818,10,126,0.0003968253968253968,,,ns
S100B_T1,Pre-TAVI Infarcts,0.308,0.3859,10,126,0.0003968253968253968,,,ns
NF-L_T1-T2,Pre-TAVI Infarcts,-0.308,0.3859,10,126,0.0003968253968253968,,,ns
TNF-α_T1,Pre-TAVI Infarcts,-0.308,0.3859,10,126,0.0003968253968253968,,,ns
IL-8_T4,Fazekas Score,0.308,0.3863,10,126,0.0003968253968253968,,,ns
IL-2_T1-T2,Cortical,-0.308,0.3870,10,126,0.0003968253968253968,,,ns
IL-12p70_T1,Total New Infarcts,-0.308,0.3871,10,126,0.0003968253968253968,,,ns
NF-L_T2-T4,Cerebellum,0.307,0.3878,10,126,0.0003968253968253968,,,ns
Tau_T2-T4,Cerebellum,0.307,0.3878,10,126,0.0003968253968253968,,,ns
IFN-γ_T1-T3,Left Hemisphere,0.305,0.3917,10,126,0.0003968253968253968,,,ns
IL-13_T2,Left Hemisphere,-0.305,0.3921,10,126,0.0003968253968253968,,,ns
IL-13_T1-T2,Left Hemisphere,-0.305,0.3921,10,126,0.0003968253968253968,,,ns
IL-13_T2-T3,Left Hemisphere,0.305,0.3921,10,126,0.0003968253968253968,,,ns
IL-2_T1,Total New Infarcts,0.304,0.3932,10,126,0.0003968253968253968,,,ns
S100B_T1-T4,Subcortical,0.303,0.3953,10,126,0.0003968253968253968,,,ns
IFN-γ_T1,Cortical,0.302,0.3971,10,126,0.0003968253968253968,,,ns
IL-1β_T2-T4,Fazekas Score,0.302,0.3972,10,126,0.0003968253968253968,,,ns
GFAP_T3-T4,Fazekas Score,0.302,0.3972,10,126,0.0003968253968253968,,,ns
IL-1β_T1,Cerebellum,0.301,0.3975,10,126,0.0003968253968253968,,,ns
IL-2_T4,Cerebellum,0.300,0.3990,10,126,0.0003968253968253968,,,ns
TNF-α_T2-T4,Cerebellum,-0.300,0.3990,10,126,0.0003968253968253968,,,ns
GFAP_T2-T4,Left Hemisphere,0.299,0.4017,10,126,0.0003968253968253968,,,ns
TNF-α_T2-T3,Left Hemisphere,-0.299,0.4017,10,126,0.0003968253968253968,,,ns
GFAP_T1-T4,Total New Infarcts,0.298,0.4032,10,126,0.0003968253968253968,,,ns
IL-2_T2,Total New Infarcts,0.298,0.4032,10,126,0.0003968253968253968,,,ns
IL-8_T3-T4,Subcortical,0.296,0.4062,10,126,0.0003968253968253968,,,ns
IL-13_T4,Right Hemisphere,-0.295,0.4072,10,126,0.0003968253968253968,,,ns
IL-13_T3-T4,Right Hemisphere,-0.295,0.4072,10,126,0.0003968253968253968,,,ns
IL-1β_T2-T4,Cortical,-0.295,0.4073,10,126,0.0003968253968253968,,,ns
IL-10_T1-T2,Cortical,-0.295,0.4073,10,126,0.0003968253968253968,,,ns
IL-10_T2-T3,Right Hemisphere,0.295,0.4082,10,126,0.0003968253968253968,,,ns
TNF-α_T4,Right Hemisphere,0.295,0.4082,10,126,0.0003968253968253968,,,ns
GFAP_T2,Fazekas Score,0.295,0.4083,10,126,0.0003968253968253968,,,ns
IL-2_T4,Pre-TAVI Infarcts,-0.295,0.4084,10,126,0.0003968253968253968,,,ns
NF-L_T2-T3,Cerebellum,0.294,0.4103,10,126,0.0003968253968253968,,,ns
IL-10_T3-T4,Total New Infarcts,-0.292,0.4133,10,126,0.0003968253968253968,,,ns
IL-6_T3-T4,Total New Infarcts,-0.292,0.4133,10,126,0.0003968253968253968,,,ns
IFN-γ_T1-T3,Microhaemorrhage,0.290,0.4161,10,126,0.0003968253968253968,,,ns
S100B_T1-T4,Microhaemorrhage,0.290,0.4161,10,126,0.0003968253968253968,,,ns
IL-8_T1-T3,Microhaemorrhage,-0.290,0.4161,10,126,0.0003968253968253968,,,ns
IFN-γ_T1-T4,Microhaemorrhage,-0.290,0.4161,10,126,0.0003968253968253968,,,ns
IL-10_T1,Microhaemorrhage,-0.290,0.4161,10,126,0.0003968253968253968,,,ns
IL-8_T1-T4,Microhaemorrhage,-0.290,0.4161,10,126,0.0003968253968253968,,,ns
Tau_T1-T3,Microhaemorrhage,0.290,0.4161,10,126,0.0003968253968253968,,,ns
GFAP_T1-T3,Microhaemorrhage,0.290,0.4161,10,126,0.0003968253968253968,,,ns
NF-L_T3-T4,Microhaemorrhage,-0.290,0.4161,10,126,0.0003968253968253968,,,ns
IL-10_T1-T4,Microhaemorrhage,-0.290,0.4161,10,126,0.0003968253968253968,,,ns
IL-2_T1,Microhaemorrhage,0.290,0.4161,10,126,0.0003968253968253968,,,ns
IL-2_T2,Microhaemorrhage,-0.290,0.4161,10,126,0.0003968253968253968,,,ns
IL-8_T1,Microhaemorrhage,0.290,0.4161,10,126,0.0003968253968253968,,,ns
S100B_T1-T3,Microhaemorrhage,0.290,0.4161,10,126,0.0003968253968253968,,,ns
Tau_T4,Microhaemorrhage,0.290,0.4161,10,126,0.0003968253968253968,,,ns
GFAP_T3-T4,Microhaemorrhage,0.290,0.4161,10,126,0.0003968253968253968,,,ns
S100B_T3-T4,Microhaemorrhage,-0.290,0.4161,10,126,0.0003968253968253968,,,ns
IL-1β_T1-T4,Microhaemorrhage,-0.290,0.4161,10,126,0.0003968253968253968,,,ns
S100B_T1-T2,Microhaemorrhage,0.290,0.4161,10,126,0.0003968253968253968,,,ns
IFN-γ_T3-T4,Microhaemorrhage,-0.290,0.4161,10,126,0.0003968253968253968,,,ns
Tau_T1-T4,Microhaemorrhage,0.290,0.4161,10,126,0.0003968253968253968,,,ns
Tau_T3-T4,Microhaemorrhage,0.290,0.4161,10,126,0.0003968253968253968,,,ns
IL-8_T3,Microhaemorrhage,0.290,0.4161,10,126,0.0003968253968253968,,,ns
S100B_T2,Microhaemorrhage,0.290,0.4161,10,126,0.0003968253968253968,,,ns
TNF-α_T2-T4,Microhaemorrhage,-0.290,0.4161,10,126,0.0003968253968253968,,,ns
TNF-α_T2,Microhaemorrhage,-0.290,0.4161,10,126,0.0003968253968253968,,,ns
Tau_T3,Microhaemorrhage,0.290,0.4161,10,126,0.0003968253968253968,,,ns
IFN-γ_T2-T4,Microhaemorrhage,-0.290,0.4161,10,126,0.0003968253968253968,,,ns
S100B_T3,Microhaemorrhage,0.290,0.4161,10,126,0.0003968253968253968,,,ns
IL-8_T3,Cortical,0.289,0.4176,10,126,0.0003968253968253968,,,ns
Tau_T3-T4,Fazekas Score,0.288,0.4195,10,126,0.0003968253968253968,,,ns
NF-L_T2,Fazekas Score,-0.288,0.4195,10,126,0.0003968253968253968,,,ns
IFN-γ_T4,Pre-TAVI Infarcts,-0.288,0.4199,10,126,0.0003968253968253968,,,ns
S100B_T3,Pre-TAVI Infarcts,0.288,0.4199,10,126,0.0003968253968253968,,,ns
IL-2_T2,Cerebellum,0.287,0.4218,10,126,0.0003968253968253968,,,ns
TNF-α_T1-T2,Total New Infarcts,0.286,0.4236,10,126,0.0003968253968253968,,,ns
IL-2_T1-T3,Subcortical,-0.284,0.4269,10,126,0.0003968253968253968,,,ns
IL-10_T1,Cortical,0.283,0.4280,10,126,0.0003968253968253968,,,ns
Tau_T3,Cortical,0.283,0.4280,10,126,0.0003968253968253968,,,ns
IL-6_T2,Cortical,0.283,0.4280,10,126,0.0003968253968253968,,,ns
IL-6_T1-T4,Right Hemisphere,-0.282,0.4294,10,126,0.0003968253968253968,,,ns
IL-10_T2,Right Hemisphere,0.282,0.4294,10,126,0.0003968253968253968,,,ns
IL-1β_T1-T3,Fazekas Score,0.281,0.4309,10,126,0.0003968253968253968,,,ns
IL-12p70_T1-T4,Pre-TAVI Infarcts,0.281,0.4315,10,126,0.0003968253968253968,,,ns
IL-10_T4,Pre-TAVI Infarcts,-0.278,0.4360,10,126,0.0003968253968253968,,,ns
IL-8_T2,Cortical,0.277,0.4385,10,126,0.0003968253968253968,,,ns
Tau_T2-T4,Subcortical,0.276,0.4396,10,126,0.0003968253968253968,,,ns
Tau_T1-T2,Subcortical,0.276,0.4396,10,126,0.0003968253968253968,,,ns
GFAP_T1,Right Hemisphere,-0.276,0.4401,10,126,0.0003968253968253968,,,ns
GFAP_T2-T3,Right Hemisphere,-0.276,0.4401,10,126,0.0003968253968253968,,,ns
NF-L_T2-T4,Right Hemisphere,-0.276,0.4401,10,126,0.0003968253968253968,,,ns
IFN-γ_T3,Right Hemisphere,0.276,0.4401,10,126,0.0003968253968253968,,,ns
TNF-α_T1-T2,Fazekas Score,0.275,0.4424,10,126,0.0003968253968253968,,,ns
NF-L_T3,Cortical,0.271,0.4492,10,126,0.0003968253968253968,,,ns
IL-8_T1,Subcortical,-0.270,0.4510,10,126,0.0003968253968253968,,,ns
IL-1β_T4,Right Hemisphere,-0.270,0.4510,10,126,0.0003968253968253968,,,ns
S100B_T4,Right Hemisphere,0.270,0.4510,10,126,0.0003968253968253968,,,ns
IL-10_T3,Fazekas Score,-0.268,0.4541,10,126,0.0003968253968253968,,,ns
IL-12p70_T3-T4,Right Hemisphere,-0.267,0.4551,10,126,0.0003968253968253968,,,ns
IL-10_T1-T3,Pre-TAVI Infarcts,-0.267,0.4553,10,126,0.0003968253968253968,,,ns
IL-12p70_T4,Cerebellum,-0.267,0.4557,10,126,0.0003968253968253968,,,ns
IL-12p70_T1-T2,Cortical,0.265,0.4585,10,126,0.0003968253968253968,,,ns
IL-1β_T3,Cortical,0.265,0.4600,10,126,0.0003968253968253968,,,ns
TNF-α_T3,Cortical,0.265,0.4600,10,126,0.0003968253968253968,,,ns
IFN-γ_T1-T3,Right Hemisphere,0.263,0.4620,10,126,0.0003968253968253968,,,ns
IFN-γ_T2,Right Hemisphere,0.263,0.4620,10,126,0.0003968253968253968,,,ns
NF-L_T2-T4,Subcortical,-0.263,0.4625,10,126,0.0003968253968253968,,,ns
TNF-α_T2-T4,Subcortical,-0.263,0.4625,10,126,0.0003968253968253968,,,ns
IL-12p70_T3,Fazekas Score,-0.263,0.4634,10,126,0.0003968253968253968,,,ns
IL-13_T1,Pre-TAVI Infarcts,-0.262,0.4637,10,126,0.0003968253968253968,,,ns
IL-13_T1-T3,Pre-TAVI Infarcts,0.262,0.4637,10,126,0.0003968253968253968,,,ns
IL-4_T1-T3,Pre-TAVI Infarcts,0.262,0.4637,10,126,0.0003968253968253968,,,ns
IL-4_T4,Pre-TAVI Infarcts,-0.262,0.4637,10,126,0.0003968253968253968,,,ns
IL-4_T1-T4,Pre-TAVI Infarcts,0.262,0.4637,10,126,0.0003968253968253968,,,ns
IL-4_T1,Pre-TAVI Infarcts,-0.262,0.4637,10,126,0.0003968253968253968,,,ns
IL-4_T3-T4,Pre-TAVI Infarcts,-0.262,0.4637,10,126,0.0003968253968253968,,,ns
IL-4_T3,Pre-TAVI Infarcts,-0.262,0.4637,10,126,0.0003968253968253968,,,ns
IL-2_T1-T3,Fazekas Score,0.262,0.4644,10,126,0.0003968253968253968,,,ns
IL-4_T1,Cerebellum,-0.261,0.4655,10,126,0.0003968253968253968,,,ns
IL-4_T3,Cerebellum,-0.261,0.4655,10,126,0.0003968253968253968,,,ns
IL-13_T1,Cerebellum,-0.261,0.4655,10,126,0.0003968253968253968,,,ns
IL-4_T3-T4,Cerebellum,-0.261,0.4655,10,126,0.0003968253968253968,,,ns
IL-4_T4,Cerebellum,-0.261,0.4655,10,126,0.0003968253968253968,,,ns
IL-4_T1-T3,Cerebellum,0.261,0.4655,10,126,0.0003968253968253968,,,ns
IL-13_T1-T3,Cerebellum,0.261,0.4655,10,126,0.0003968253968253968,,,ns
IL-4_T1-T4,Cerebellum,0.261,0.4655,10,126,0.0003968253968253968,,,ns
TNF-α_T1,Fazekas Score,-0.261,0.4658,10,126,0.0003968253968253968,,,ns
TNF-α_T2,Cerebellum,0.259,0.4691,10,126,0.0003968253968253968,,,ns
Tau_T1-T3,Cerebellum,0.259,0.4691,10,126,0.0003968253968253968,,,ns
IL-1β_T1,Cortical,0.259,0.4694,10,126,0.0003968253968253968,,,ns
IL-2_T3,Cortical,0.258,0.4708,10,126,0.0003968253968253968,,,ns
IL-1β_T4,Cortical,-0.258,0.4708,10,126,0.0003968253968253968,,,ns
IL-6_T2-T3,Cortical,0.258,0.4708,10,126,0.0003968253968253968,,,ns
IL-1β_T3,Subcortical,0.257,0.4742,10,126,0.0003968253968253968,,,ns
IL-6_T2-T3,Total New Infarcts,0.255,0.4765,10,126,0.0003968253968253968,,,ns
IL-6_T1-T2,Total New Infarcts,0.255,0.4765,10,126,0.0003968253968253968,,,ns
NF-L_T3-T4,Fazekas Score,-0.255,0.4778,10,126,0.0003968253968253968,,,ns
NF-L_T3-T4,Pre-TAVI Infarcts,-0.254,0.4796,10,126,0.0003968253968253968,,,ns
TNF-α_T1-T4,Pre-TAVI Infarcts,-0.254,0.4796,10,126,0.0003968253968253968,,,ns
IL-8_T2-T4,Cerebellum,0.253,0.4813,10,126,0.0003968253968253968,,,ns
IL-12p70_T1-T4,Cerebellum,0.253,0.4813,10,126,0.0003968253968253968,,,ns
TNF-α_T1-T2,Cerebellum,0.253,0.4813,10,126,0.0003968253968253968,,,ns
IL-10_T1-T3,Cerebellum,-0.253,0.4813,10,126,0.0003968253968253968,,,ns
IL-10_T2-T3,Cortical,0.252,0.4818,10,126,0.0003968253968253968,,,ns
IL-8_T2-T4,Right Hemisphere,0.251,0.4844,10,126,0.0003968253968253968,,,ns
IFN-γ_T3-T4,Left Hemisphere,-0.250,0.4860,10,126,0.0003968253968253968,,,ns
IFN-γ_T4,Left Hemisphere,-0.250,0.4860,10,126,0.0003968253968253968,,,ns
NF-L_T1-T3,Fazekas Score,0.248,0.4898,10,126,0.0003968253968253968,,,ns
IL-2_T3-T4,Cortical,-0.246,0.4929,10,126,0.0003968253968253968,,,ns
IL-6_T3,Right Hemisphere,0.245,0.4957,10,126,0.0003968253968253968,,,ns
IL-2_T2-T4,Left Hemisphere,-0.244,0.4971,10,126,0.0003968253968253968,,,ns
IL-6_T2-T4,Subcortical,-0.243,0.4979,10,126,0.0003968253968253968,,,ns
TNF-α_T2,Subcortical,0.243,0.4979,10,126,0.0003968253968253968,,,ns
IL-6_T4,Subcortical,-0.243,0.4979,10,126,0.0003968253968253968,,,ns
S100B_T1,Total New Infarcts,-0.243,0.4984,10,126,0.0003968253968253968,,,ns
Tau_T1-T4,Pre-TAVI Infarcts,0.240,0.5044,10,126,0.0003968253968253968,,,ns
TNF-α_T2-T4,Pre-TAVI Infarcts,-0.240,0.5044,10,126,0.0003968253968253968,,,ns
NF-L_T2-T3,Total New Infarcts,0.237,0.5096,10,126,0.0003968253968253968,,,ns
IFN-γ_T1-T4,Subcortical,0.237,0.5100,10,126,0.0003968253968253968,,,ns
IL-12p70_T2-T3,Left Hemisphere,0.236,0.5117,10,126,0.0003968253968253968,,,ns
Tau_T1-T3,Cortical,0.234,0.5155,10,126,0.0003968253968253968,,,ns
TNF-α_T1,Cortical,0.234,0.5155,10,126,0.0003968253968253968,,,ns
TNF-α_T4,Cortical,0.234,0.5155,10,126,0.0003968253968253968,,,ns
IL-2_T1-T3,Pre-TAVI Infarcts,0.234,0.5157,10,126,0.0003968253968253968,,,ns
GFAP_T1-T2,Pre-TAVI Infarcts,-0.233,0.5170,10,126,0.0003968253968253968,,,ns
IL-2_T1-T4,Cerebellum,0.232,0.5187,10,126,0.0003968253968253968,,,ns
IL-10_T1-T4,Right Hemisphere,-0.232,0.5187,10,126,0.0003968253968253968,,,ns
IL-2_T2-T4,Right Hemisphere,0.232,0.5187,10,126,0.0003968253968253968,,,ns
Tau_T1,Right Hemisphere,-0.232,0.5187,10,126,0.0003968253968253968,,,ns
IL-8_T1-T4,Total New Infarcts,0.231,0.5208,10,126,0.0003968253968253968,,,ns
IL-10_T2-T4,Subcortical,-0.230,0.5221,10,126,0.0003968253968253968,,,ns
IL-2_T1-T4,Fazekas Score,-0.228,0.5267,10,126,0.0003968253968253968,,,ns
IL-6_T2-T3,Fazekas Score,0.228,0.5267,10,126,0.0003968253968253968,,,ns
TNF-α_T3,Fazekas Score,0.228,0.5267,10,126,0.0003968253968253968,,,ns
TNF-α_T2-T4,Cortical,-0.228,0.5269,10,126,0.0003968253968253968,,,ns
IL-12p70_T3,Right Hemisphere,0.227,0.5291,10,126,0.0003968253968253968,,,ns
IL-8_T2-T3,Pre-TAVI Infarcts,0.226,0.5298,10,126,0.0003968253968253968,,,ns
IL-6_T3,Pre-TAVI Infarcts,0.226,0.5298,10,126,0.0003968253968253968,,,ns
Tau_T1,Pre-TAVI Infarcts,-0.226,0.5298,10,126,0.0003968253968253968,,,ns
Tau_T1-T2,Cerebellum,-0.225,0.5314,10,126,0.0003968253968253968,,,ns
IL-10_T3,Subcortical,-0.224,0.5344,10,126,0.0003968253968253968,,,ns
IL-13_T2-T4,Right Hemisphere,-0.223,0.5364,10,126,0.0003968253968253968,,,ns
IL-10_T4,Cerebellum,-0.223,0.5365,10,126,0.0003968253968253968,,,ns
IFN-γ_T2-T3,Right Hemisphere,0.220,0.5422,10,126,0.0003968253968253968,,,ns
S100B_T2-T3,Pre-TAVI Infarcts,-0.219,0.5426,10,126,0.0003968253968253968,,,ns
NF-L_T1-T4,Pre-TAVI Infarcts,0.219,0.5426,10,126,0.0003968253968253968,,,ns
IL-12p70_T2-T3,Cortical,-0.219,0.5431,10,126,0.0003968253968253968,,,ns
IL-8_T2-T4,Total New Infarcts,0.219,0.5436,10,126,0.0003968253968253968,,,ns
GFAP_T2-T4,Total New Infarcts,0.219,0.5436,10,126,0.0003968253968253968,,,ns
IL-2_T2-T3,Total New Infarcts,0.219,0.5436,10,126,0.0003968253968253968,,,ns
S100B_T1,Cerebellum,0.218,0.5442,10,126,0.0003968253968253968,,,ns
IL-4_T2,Left Hemisphere,-0.218,0.5460,10,126,0.0003968253968253968,,,ns
IL-4_T1-T2,Left Hemisphere,-0.218,0.5460,10,126,0.0003968253968253968,,,ns
IL-4_T2-T4,Left Hemisphere,0.218,0.5460,10,126,0.0003968253968253968,,,ns
IL-4_T2-T3,Left Hemisphere,0.218,0.5460,10,126,0.0003968253968253968,,,ns
S100B_T3,Subcortical,0.217,0.5468,10,126,0.0003968253968253968,,,ns
NF-L_T4,Subcortical,0.217,0.5468,10,126,0.0003968253968253968,,,ns
IL-10_T4,Right Hemisphere,-0.217,0.5469,10,126,0.0003968253968253968,,,ns
IL-13_T2-T4,Pre-TAVI Infarcts,0.216,0.5485,10,126,0.0003968253968253968,,,ns
IL-10_T4,Cortical,-0.216,0.5488,10,126,0.0003968253968253968,,,ns
NF-L_T1,Cortical,0.215,0.5501,10,126,0.0003968253968253968,,,ns
GFAP_T2-T4,Cortical,0.215,0.5501,10,126,0.0003968253968253968,,,ns
IL-8_T3-T4,Cortical,-0.215,0.5501,10,126,0.0003968253968253968,,,ns
GFAP_T4,Left Hemisphere,0.213,0.5538,10,126,0.0003968253968253968,,,ns
TNF-α_T1-T2,Left Hemisphere,0.213,0.5538,10,126,0.0003968253968253968,,,ns
IL-2_T2,Right Hemisphere,0.213,0.5541,10,126,0.0003968253968253968,,,ns
IFN-γ_T1-T4,Right Hemisphere,0.213,0.5541,10,126,0.0003968253968253968,,,ns
S100B_T2-T3,Right Hemisphere,0.213,0.5541,10,126,0.0003968253968253968,,,ns
IL-13_T2-T4,Left Hemisphere,0.213,0.5547,10,126,0.0003968253968253968,,,ns
IL-6_T1-T3,Total New Infarcts,0.213,0.5551,10,126,0.0003968253968253968,,,ns
IL-6_T4,Total New Infarcts,-0.213,0.5551,10,126,0.0003968253968253968,,,ns
IL-6_T2,Total New Infarcts,0.213,0.5551,10,126,0.0003968253968253968,,,ns
GFAP_T2,Total New Infarcts,-0.213,0.5551,10,126,0.0003968253968253968,,,ns
IL-6_T2-T4,Total New Infarcts,-0.213,0.5551,10,126,0.0003968253968253968,,,ns
Tau_T2-T3,Pre-TAVI Infarcts,0.212,0.5556,10,126,0.0003968253968253968,,,ns
IL-1β_T1-T3,Pre-TAVI Infarcts,0.212,0.5556,10,126,0.0003968253968253968,,,ns
IL-8_T1,Cerebellum,-0.212,0.5572,10,126,0.0003968253968253968,,,ns
IFN-γ_T4,Cerebellum,-0.212,0.5572,10,126,0.0003968253968253968,,,ns
IL-6_T1,Subcortical,-0.211,0.5593,10,126,0.0003968253968253968,,,ns
IL-1β_T1-T2,Subcortical,-0.211,0.5593,10,126,0.0003968253968253968,,,ns
GFAP_T2-T3,Subcortical,-0.211,0.5593,10,126,0.0003968253968253968,,,ns
IL-12p70_T4,Cortical,0.210,0.5606,10,126,0.0003968253968253968,,,ns
IL-2_T2,Cortical,0.209,0.5618,10,126,0.0003968253968253968,,,ns
NF-L_T1-T2,Cortical,0.209,0.5618,10,126,0.0003968253968253968,,,ns
IL-12p70_T2-T4,Subcortical,0.208,0.5644,10,126,0.0003968253968253968,,,ns
IL-1β_T2,Fazekas Score,0.208,0.5647,10,126,0.0003968253968253968,,,ns
S100B_T2,Cerebellum,0.205,0.5703,10,126,0.0003968253968253968,,,ns
IL-13_T1-T4,Cortical,-0.204,0.5710,10,126,0.0003968253968253968,,,ns
Tau_T2,Subcortical,0.204,0.5719,10,126,0.0003968253968253968,,,ns
GFAP_T3,Cortical,0.203,0.5736,10,126,0.0003968253968253968,,,ns
IL-13_T1-T4,Subcortical,-0.202,0.5750,10,126,0.0003968253968253968,,,ns
IL-13_T1-T4,Cerebellum,0.202,0.5765,10,126,0.0003968253968253968,,,ns
IL-4_T2-T3,Right Hemisphere,-0.201,0.5768,10,126,0.0003968253968253968,,,ns
IL-4_T1-T2,Right Hemisphere,0.201,0.5768,10,126,0.0003968253968253968,,,ns
IL-4_T2,Right Hemisphere,0.201,0.5768,10,126,0.0003968253968253968,,,ns
IL-4_T2-T4,Right Hemisphere,-0.201,0.5768,10,126,0.0003968253968253968,,,ns
GFAP_T3,Left Hemisphere,0.201,0.5772,10,126,0.0003968253968253968,,,ns
IL-6_T1-T4,Left Hemisphere,-0.201,0.5772,10,126,0.0003968253968253968,,,ns
IL-8_T3,Left Hemisphere,0.201,0.5772,10,126,0.0003968253968253968,,,ns
IL-8_T1-T4,Left Hemisphere,0.201,0.5772,10,126,0.0003968253968253968,,,ns
IL-2_T2-T3,Left Hemisphere,0.201,0.5772,10,126,0.0003968253968253968,,,ns
IFN-γ_T4,Fazekas Score,-0.201,0.5776,10,126,0.0003968253968253968,,,ns
IL-8_T1-T2,Fazekas Score,-0.201,0.5776,10,126,0.0003968253968253968,,,ns
IL-10_T1-T2,Fazekas Score,0.201,0.5776,10,126,0.0003968253968253968,,,ns
IL-6_T2-T4,Right Hemisphere,-0.201,0.5781,10,126,0.0003968253968253968,,,ns
IL-6_T4,Right Hemisphere,-0.201,0.5781,10,126,0.0003968253968253968,,,ns
TNF-α_T1-T4,Right Hemisphere,0.201,0.5781,10,126,0.0003968253968253968,,,ns
NF-L_T3-T4,Total New Infarcts,-0.201,0.5784,10,126,0.0003968253968253968,,,ns
IL-12p70_T2-T3,Subcortical,0.200,0.5791,10,126,0.0003968253968253968,,,ns
S100B_T3-T4,Pre-TAVI Infarcts,0.199,0.5820,10,126,0.0003968253968253968,,,ns
IFN-γ_T1-T2,Pre-TAVI Infarcts,-0.199,0.5820,10,126,0.0003968253968253968,,,ns
IL-2_T1,Cerebellum,0.198,0.5834,10,126,0.0003968253968253968,,,ns
Tau_T1-T3,Subcortical,0.197,0.5847,10,126,0.0003968253968253968,,,ns
IL-8_T2,Subcortical,-0.197,0.5847,10,126,0.0003968253968253968,,,ns
IFN-γ_T2-T3,Cortical,0.197,0.5855,10,126,0.0003968253968253968,,,ns
IL-6_T2-T4,Left Hemisphere,-0.195,0.5890,10,126,0.0003968253968253968,,,ns
IL-8_T2-T4,Left Hemisphere,0.195,0.5890,10,126,0.0003968253968253968,,,ns
IL-6_T4,Left Hemisphere,-0.195,0.5890,10,126,0.0003968253968253968,,,ns
GFAP_T3,Total New Infarcts,0.195,0.5902,10,126,0.0003968253968253968,,,ns
S100B_T2-T4,Total New Infarcts,-0.195,0.5902,10,126,0.0003968253968253968,,,ns
NF-L_T1-T3,Right Hemisphere,0.194,0.5903,10,126,0.0003968253968253968,,,ns
TNF-α_T1,Right Hemisphere,0.194,0.5903,10,126,0.0003968253968253968,,,ns
IL-8_T4,Right Hemisphere,0.194,0.5903,10,126,0.0003968253968253968,,,ns
S100B_T1,Right Hemisphere,-0.194,0.5903,10,126,0.0003968253968253968,,,ns
IL-6_T1-T2,Fazekas Score,0.194,0.5906,10,126,0.0003968253968253968,,,ns
Tau_T2-T4,Fazekas Score,0.194,0.5906,10,126,0.0003968253968253968,,,ns
IL-12p70_T2-T3,Cerebellum,0.194,0.5918,10,126,0.0003968253968253968,,,ns
IL-6_T2-T4,Cerebellum,0.191,0.5967,10,126,0.0003968253968253968,,,ns
IL-6_T4,Cerebellum,0.191,0.5967,10,126,0.0003968253968253968,,,ns
TNF-α_T1-T2,Cortical,0.191,0.5975,10,126,0.0003968253968253968,,,ns
IL-8_T1,Cortical,0.191,0.5975,10,126,0.0003968253968253968,,,ns
IL-12p70_T3-T4,Pre-TAVI Infarcts,0.189,0.6009,10,126,0.0003968253968253968,,,ns
IL-8_T2,Left Hemisphere,0.189,0.6010,10,126,0.0003968253968253968,,,ns
Tau_T2,Left Hemisphere,-0.189,0.6010,10,126,0.0003968253968253968,,,ns
IFN-γ_T1,Left Hemisphere,0.189,0.6010,10,126,0.0003968253968253968,,,ns
IL-13_T1-T3,Subcortical,-0.189,0.6011,10,126,0.0003968253968253968,,,ns
IL-4_T1-T3,Subcortical,-0.189,0.6011,10,126,0.0003968253968253968,,,ns
IL-4_T4,Subcortical,0.189,0.6011,10,126,0.0003968253968253968,,,ns
IL-4_T1-T4,Subcortical,-0.189,0.6011,10,126,0.0003968253968253968,,,ns
IL-4_T3-T4,Subcortical,0.189,0.6011,10,126,0.0003968253968253968,,,ns
IL-4_T3,Subcortical,0.189,0.6011,10,126,0.0003968253968253968,,,ns
IL-4_T1,Subcortical,0.189,0.6011,10,126,0.0003968253968253968,,,ns
IL-13_T1,Subcortical,0.189,0.6011,10,126,0.0003968253968253968,,,ns
IL-1β_T3,Total New Infarcts,0.188,0.6021,10,126,0.0003968253968253968,,,ns
S100B_T3,Total New Infarcts,0.188,0.6021,10,126,0.0003968253968253968,,,ns
IFN-γ_T4,Right Hemisphere,0.188,0.6026,10,126,0.0003968253968253968,,,ns
IL-12p70_T2-T3,Right Hemisphere,-0.188,0.6036,10,126,0.0003968253968253968,,,ns
S100B_T2-T4,Fazekas Score,-0.188,0.6038,10,126,0.0003968253968253968,,,ns
IL-1β_T1,Right Hemisphere,0.186,0.6076,10,126,0.0003968253968253968,,,ns
IL-12p70_T1-T4,Cortical,0.185,0.6096,10,126,0.0003968253968253968,,,ns
Tau_T2-T3,Cortical,0.185,0.6096,10,126,0.0003968253968253968,,,ns
Tau_T2,Cortical,-0.185,0.6096,10,126,0.0003968253968253968,,,ns
IL-1β_T3-T4,Cerebellum,-0.184,0.6102,10,126,0.0003968253968253968,,,ns
GFAP_T1-T3,Subcortical,0.184,0.6104,10,126,0.0003968253968253968,,,ns
Tau_T2-T3,Subcortical,0.184,0.6104,10,126,0.0003968253968253968,,,ns
GFAP_T2,Left Hemisphere,-0.183,0.6130,10,126,0.0003968253968253968,,,ns
S100B_T2-T4,Left Hemisphere,-0.183,0.6130,10,126,0.0003968253968253968,,,ns
IL-10_T2,Total New Infarcts,0.182,0.6141,10,126,0.0003968253968253968,,,ns
GFAP_T1-T4,Right Hemisphere,-0.182,0.6149,10,126,0.0003968253968253968,,,ns
IL-8_T1-T4,Right Hemisphere,0.182,0.6149,10,126,0.0003968253968253968,,,ns
IFN-γ_T1-T2,Right Hemisphere,0.182,0.6149,10,126,0.0003968253968253968,,,ns
S100B_T2-T4,Right Hemisphere,0.182,0.6149,10,126,0.0003968253968253968,,,ns
NF-L_T3-T4,Right Hemisphere,0.182,0.6149,10,126,0.0003968253968253968,,,ns
IL-1β_T4,Fazekas Score,0.181,0.6170,10,126,0.0003968253968253968,,,ns
IL-1β_T1-T4,Fazekas Score,0.181,0.6170,10,126,0.0003968253968253968,,,ns
IL-12p70_T4,Left Hemisphere,0.180,0.6179,10,126,0.0003968253968253968,,,ns
GFAP_T2,Pre-TAVI Infarcts,0.178,0.6223,10,126,0.0003968253968253968,,,ns
S100B_T2-T4,Subcortical,-0.178,0.6234,10,126,0.0003968253968253968,,,ns
IFN-γ_T1,Subcortical,-0.178,0.6234,10,126,0.0003968253968253968,,,ns
IL-6_T1-T3,Left Hemisphere,0.177,0.6250,10,126,0.0003968253968253968,,,ns
IL-12p70_T2-T3,Total New Infarcts,0.176,0.6275,10,126,0.0003968253968253968,,,ns
IL-4_T4,Total New Infarcts,0.175,0.6295,10,126,0.0003968253968253968,,,ns
IL-1β_T1,Microhaemorrhage,-0.175,0.6295,10,126,0.0003968253968253968,,,ns
IL-4_T3-T4,Total New Infarcts,0.175,0.6295,10,126,0.0003968253968253968,,,ns
IL-4_T1-T4,Total New Infarcts,-0.175,0.6295,10,126,0.0003968253968253968,,,ns
IL-4_T3,Total New Infarcts,0.175,0.6295,10,126,0.0003968253968253968,,,ns
IL-4_T1,Total New Infarcts,0.175,0.6295,10,126,0.0003968253968253968,,,ns
IL-13_T1,Total New Infarcts,0.175,0.6295,10,126,0.0003968253968253968,,,ns
IL-13_T1-T3,Total New Infarcts,-0.175,0.6295,10,126,0.0003968253968253968,,,ns
IL-4_T1-T3,Total New Infarcts,-0.175,0.6295,10,126,0.0003968253968253968,,,ns
IL-6_T4,Fazekas Score,0.174,0.6303,10,126,0.0003968253968253968,,,ns
IL-6_T2,Fazekas Score,-0.174,0.6303,10,126,0.0003968253968253968,,,ns
IL-6_T2-T4,Fazekas Score,0.174,0.6303,10,126,0.0003968253968253968,,,ns
IL-6_T3-T4,Fazekas Score,0.174,0.6303,10,126,0.0003968253968253968,,,ns
IL-2_T4,Microhaemorrhage,-0.174,0.6305,10,126,0.0003968253968253968,,,ns
IL-10_T2-T3,Microhaemorrhage,0.174,0.6305,10,126,0.0003968253968253968,,,ns
IL-6_T1-T2,Microhaemorrhage,0.174,0.6305,10,126,0.0003968253968253968,,,ns
IL-6_T3,Microhaemorrhage,-0.174,0.6305,10,126,0.0003968253968253968,,,ns
NF-L_T1-T4,Microhaemorrhage,0.174,0.6305,10,126,0.0003968253968253968,,,ns
IL-2_T3-T4,Microhaemorrhage,0.174,0.6305,10,126,0.0003968253968253968,,,ns
IFN-γ_T1,Microhaemorrhage,0.174,0.6305,10,126,0.0003968253968253968,,,ns
GFAP_T2-T3,Microhaemorrhage,-0.174,0.6305,10,126,0.0003968253968253968,,,ns
IL-1β_T2-T4,Microhaemorrhage,-0.174,0.6305,10,126,0.0003968253968253968,,,ns
IFN-γ_T3,Microhaemorrhage,0.174,0.6305,10,126,0.0003968253968253968,,,ns
IL-10_T3-T4,Microhaemorrhage,-0.174,0.6305,10,126,0.0003968253968253968,,,ns
IFN-γ_T1-T2,Microhaemorrhage,0.174,0.6305,10,126,0.0003968253968253968,,,ns
IL-6_T1,Microhaemorrhage,-0.174,0.6305,10,126,0.0003968253968253968,,,ns
IL-6_T1-T3,Microhaemorrhage,0.174,0.6305,10,126,0.0003968253968253968,,,ns
IL-8_T2,Microhaemorrhage,0.174,0.6305,10,126,0.0003968253968253968,,,ns
IL-2_T2-T3,Microhaemorrhage,-0.174,0.6305,10,126,0.0003968253968253968,,,ns
IL-6_T2-T3,Microhaemorrhage,-0.174,0.6305,10,126,0.0003968253968253968,,,ns
NF-L_T2-T4,Microhaemorrhage,-0.174,0.6305,10,126,0.0003968253968253968,,,ns
GFAP_T2,Cortical,-0.172,0.6340,10,126,0.0003968253968253968,,,ns
TNF-α_T2-T3,Cortical,-0.172,0.6340,10,126,0.0003968253968253968,,,ns
IL-12p70_T4,Fazekas Score,-0.171,0.6359,10,126,0.0003968253968253968,,,ns
IL-8_T4,Pre-TAVI Infarcts,0.171,0.6360,10,126,0.0003968253968253968,,,ns
IL-2_T1-T4,Subcortical,-0.171,0.6365,10,126,0.0003968253968253968,,,ns
IL-2_T4,Subcortical,0.171,0.6365,10,126,0.0003968253968253968,,,ns
IFN-γ_T2,Subcortical,0.171,0.6365,10,126,0.0003968253968253968,,,ns
IL-2_T3,Subcortical,-0.171,0.6365,10,126,0.0003968253968253968,,,ns
IL-6_T2-T3,Subcortical,-0.171,0.6365,10,126,0.0003968253968253968,,,ns
IL-1β_T2-T3,Cerebellum,0.171,0.6373,10,126,0.0003968253968253968,,,ns
GFAP_T3,Right Hemisphere,-0.169,0.6399,10,126,0.0003968253968253968,,,ns
IL-13_T2-T3,Total New Infarcts,0.169,0.6403,10,126,0.0003968253968253968,,,ns
IL-13_T1-T2,Total New Infarcts,-0.169,0.6403,10,126,0.0003968253968253968,,,ns
IL-13_T2,Total New Infarcts,-0.169,0.6403,10,126,0.0003968253968253968,,,ns
IL-6_T1,Fazekas Score,-0.168,0.6437,10,126,0.0003968253968253968,,,ns
Tau_T1-T2,Fazekas Score,-0.168,0.6437,10,126,0.0003968253968253968,,,ns
IL-12p70_T2,Subcortical,-0.166,0.6461,10,126,0.0003968253968253968,,,ns
TNF-α_T3-T4,Cortical,0.166,0.6464,10,126,0.0003968253968253968,,,ns
IL-10_T3,Cortical,0.166,0.6464,10,126,0.0003968253968253968,,,ns
IL-4_T2-T3,Microhaemorrhage,0.166,0.6475,10,126,0.0003968253968253968,,,ns
IL-4_T2,Microhaemorrhage,-0.166,0.6475,10,126,0.0003968253968253968,,,ns
IL-13_T1-T2,Microhaemorrhage,-0.166,0.6475,10,126,0.0003968253968253968,,,ns
IL-4_T2-T4,Microhaemorrhage,0.166,0.6475,10,126,0.0003968253968253968,,,ns
IL-13_T3-T4,Microhaemorrhage,-0.166,0.6475,10,126,0.0003968253968253968,,,ns
IL-13_T2,Microhaemorrhage,-0.166,0.6475,10,126,0.0003968253968253968,,,ns
IL-13_T4,Microhaemorrhage,-0.166,0.6475,10,126,0.0003968253968253968,,,ns
IL-13_T2-T3,Microhaemorrhage,0.166,0.6475,10,126,0.0003968253968253968,,,ns
IL-4_T1-T2,Microhaemorrhage,-0.166,0.6475,10,126,0.0003968253968253968,,,ns
GFAP_T3-T4,Left Hemisphere,0.165,0.6495,10,126,0.0003968253968253968,,,ns
IL-1β_T1-T3,Left Hemisphere,0.165,0.6495,10,126,0.0003968253968253968,,,ns
IL-8_T1-T3,Left Hemisphere,0.165,0.6495,10,126,0.0003968253968253968,,,ns
IL-8_T3,Subcortical,-0.164,0.6498,10,126,0.0003968253968253968,,,ns
IL-6_T1-T4,Total New Infarcts,-0.164,0.6505,10,126,0.0003968253968253968,,,ns
Tau_T2,Cerebellum,0.164,0.6510,10,126,0.0003968253968253968,,,ns
NF-L_T3-T4,Cerebellum,-0.164,0.6510,10,126,0.0003968253968253968,,,ns
IFN-γ_T3-T4,Cerebellum,-0.164,0.6510,10,126,0.0003968253968253968,,,ns
TNF-α_T3,Cerebellum,-0.164,0.6510,10,126,0.0003968253968253968,,,ns
IFN-γ_T3-T4,Right Hemisphere,0.163,0.6525,10,126,0.0003968253968253968,,,ns
NF-L_T2-T3,Cortical,0.160,0.6588,10,126,0.0003968253968253968,,,ns
IFN-γ_T1-T4,Left Hemisphere,-0.159,0.6618,10,126,0.0003968253968253968,,,ns
GFAP_T2-T4,Subcortical,-0.158,0.6631,10,126,0.0003968253968253968,,,ns
IL-10_T3-T4,Subcortical,-0.158,0.6631,10,126,0.0003968253968253968,,,ns
NF-L_T3-T4,Subcortical,-0.158,0.6631,10,126,0.0003968253968253968,,,ns
IL-2_T3-T4,Subcortical,0.158,0.6631,10,126,0.0003968253968253968,,,ns
IL-8_T1-T2,Subcortical,0.158,0.6631,10,126,0.0003968253968253968,,,ns
IFN-γ_T4,Subcortical,-0.158,0.6631,10,126,0.0003968253968253968,,,ns
IL-8_T4,Cerebellum,0.157,0.6648,10,126,0.0003968253968253968,,,ns
GFAP_T2-T4,Right Hemisphere,-0.157,0.6652,10,126,0.0003968253968253968,,,ns
IL-12p70_T1-T3,Total New Infarcts,0.155,0.6680,10,126,0.0003968253968253968,,,ns
S100B_T1-T3,Fazekas Score,0.154,0.6708,10,126,0.0003968253968253968,,,ns
GFAP_T1-T2,Cortical,0.154,0.6713,10,126,0.0003968253968253968,,,ns
IFN-γ_T4,Cortical,0.154,0.6713,10,126,0.0003968253968253968,,,ns
IL-6_T1-T3,Cortical,0.154,0.6713,10,126,0.0003968253968253968,,,ns
IL-10_T1-T2,Total New Infarcts,-0.152,0.6751,10,126,0.0003968253968253968,,,ns
IL-2_T1-T2,Total New Infarcts,-0.152,0.6751,10,126,0.0003968253968253968,,,ns
IL-1β_T1-T3,Total New Infarcts,0.152,0.6751,10,126,0.0003968253968253968,,,ns
TNF-α_T1,Subcortical,-0.151,0.6764,10,126,0.0003968253968253968,,,ns
IL-6_T1-T4,Pre-TAVI Infarcts,0.151,0.6775,10,126,0.0003968253968253968,,,ns
TNF-α_T3,Right Hemisphere,0.151,0.6780,10,126,0.0003968253968253968,,,ns
S100B_T2,Right Hemisphere,0.151,0.6780,10,126,0.0003968253968253968,,,ns
IL-1β_T1-T3,Cerebellum,-0.150,0.6787,10,126,0.0003968253968253968,,,ns
S100B_T1-T4,Cerebellum,-0.150,0.6787,10,126,0.0003968253968253968,,,ns
IL-1β_T4,Cerebellum,-0.150,0.6787,10,126,0.0003968253968253968,,,ns
Tau_T1-T4,Cerebellum,0.150,0.6787,10,126,0.0003968253968253968,,,ns
IL-12p70_T1-T3,Cortical,0.148,0.6829,10,126,0.0003968253968253968,,,ns
IL-12p70_T4,Right Hemisphere,0.148,0.6835,10,126,0.0003968253968253968,,,ns
Tau_T1-T2,Cortical,0.148,0.6838,10,126,0.0003968253968253968,,,ns
GFAP_T1-T4,Cortical,0.148,0.6838,10,126,0.0003968253968253968,,,ns
IL-10_T1-T4,Cortical,-0.148,0.6838,10,126,0.0003968253968253968,,,ns
IL-1β_T2-T3,Fazekas Score,-0.147,0.6845,10,126,0.0003968253968253968,,,ns
IL-2_T2,Left Hemisphere,0.146,0.6866,10,126,0.0003968253968253968,,,ns
IFN-γ_T3-T4,Total New Infarcts,-0.146,0.6876,10,126,0.0003968253968253968,,,ns
NF-L_T1-T2,Total New Infarcts,0.146,0.6876,10,126,0.0003968253968253968,,,ns
NF-L_T1,Total New Infarcts,0.146,0.6876,10,126,0.0003968253968253968,,,ns
TNF-α_T3-T4,Total New Infarcts,0.146,0.6876,10,126,0.0003968253968253968,,,ns
IFN-γ_T1-T3,Subcortical,0.145,0.6899,10,126,0.0003968253968253968,,,ns
IL-6_T1-T4,Subcortical,-0.145,0.6899,10,126,0.0003968253968253968,,,ns
IL-12p70_T1-T4,Right Hemisphere,-0.144,0.6909,10,126,0.0003968253968253968,,,ns
IL-2_T1-T2,Pre-TAVI Infarcts,0.144,0.6916,10,126,0.0003968253968253968,,,ns
IL-8_T2-T4,Pre-TAVI Infarcts,-0.144,0.6916,10,126,0.0003968253968253968,,,ns
TNF-α_T3,Pre-TAVI Infarcts,0.144,0.6916,10,126,0.0003968253968253968,,,ns
S100B_T2,Pre-TAVI Infarcts,0.144,0.6916,10,126,0.0003968253968253968,,,ns
TNF-α_T1-T4,Cortical,0.142,0.6965,10,126,0.0003968253968253968,,,ns
Tau_T1,Fazekas Score,-0.141,0.6982,10,126,0.0003968253968253968,,,ns
S100B_T1-T4,Fazekas Score,-0.141,0.6982,10,126,0.0003968253968253968,,,ns
IL-8_T1-T3,Subcortical,0.138,0.7035,10,126,0.0003968253968253968,,,ns
IL-6_T3-T4,Right Hemisphere,-0.138,0.7038,10,126,0.0003968253968253968,,,ns
IL-6_T2,Right Hemisphere,0.138,0.7038,10,126,0.0003968253968253968,,,ns
IL-12p70_T2,Total New Infarcts,-0.138,0.7038,10,126,0.0003968253968253968,,,ns
IL-12p70_T2-T4,Total New Infarcts,0.137,0.7055,10,126,0.0003968253968253968,,,ns
S100B_T1-T2,Cerebellum,0.137,0.7068,10,126,0.0003968253968253968,,,ns
IL-6_T2,Cerebellum,-0.137,0.7068,10,126,0.0003968253968253968,,,ns
NF-L_T2,Cortical,0.135,0.7092,10,126,0.0003968253968253968,,,ns
IL-12p70_T1-T3,Subcortical,0.135,0.7094,10,126,0.0003968253968253968,,,ns
TNF-α_T1-T4,Left Hemisphere,-0.134,0.7118,10,126,0.0003968253968253968,,,ns
GFAP_T1,Left Hemisphere,0.134,0.7118,10,126,0.0003968253968253968,,,ns
IL-12p70_T2-T4,Pre-TAVI Infarcts,-0.134,0.7119,10,126,0.0003968253968253968,,,ns
IL-6_T3,Fazekas Score,0.134,0.7121,10,126,0.0003968253968253968,,,ns
GFAP_T2,Right Hemisphere,-0.132,0.7168,10,126,0.0003968253968253968,,,ns
IFN-γ_T1,Right Hemisphere,0.132,0.7168,10,126,0.0003968253968253968,,,ns
IL-10_T1,Subcortical,0.132,0.7171,10,126,0.0003968253968253968,,,ns
GFAP_T4,Subcortical,-0.132,0.7171,10,126,0.0003968253968253968,,,ns
Tau_T1,Subcortical,0.132,0.7171,10,126,0.0003968253968253968,,,ns
IL-13_T1-T2,Subcortical,-0.131,0.7173,10,126,0.0003968253968253968,,,ns
IL-13_T2-T3,Subcortical,0.131,0.7173,10,126,0.0003968253968253968,,,ns
IL-13_T4,Subcortical,-0.131,0.7173,10,126,0.0003968253968253968,,,ns
IL-13_T3-T4,Subcortical,-0.131,0.7173,10,126,0.0003968253968253968,,,ns
IL-13_T2,Subcortical,-0.131,0.7173,10,126,0.0003968253968253968,,,ns
IL-12p70_T2-T4,Fazekas Score,0.131,0.7182,10,126,0.0003968253968253968,,,ns
IL-12p70_T3,Pre-TAVI Infarcts,-0.131,0.7187,10,126,0.0003968253968253968,,,ns
IL-10_T2-T3,Pre-TAVI Infarcts,-0.130,0.7199,10,126,0.0003968253968253968,,,ns
IL-6_T3,Cerebellum,0.130,0.7209,10,126,0.0003968253968253968,,,ns
NF-L_T1-T2,Cerebellum,-0.130,0.7209,10,126,0.0003968253968253968,,,ns
IFN-γ_T3-T4,Cortical,-0.129,0.7219,10,126,0.0003968253968253968,,,ns
IL-10_T1-T2,Left Hemisphere,-0.128,0.7244,10,126,0.0003968253968253968,,,ns
IL-10_T1,Total New Infarcts,0.128,0.7253,10,126,0.0003968253968253968,,,ns
TNF-α_T2-T3,Fazekas Score,-0.127,0.7260,10,126,0.0003968253968253968,,,ns
IL-10_T1-T3,Right Hemisphere,-0.125,0.7298,10,126,0.0003968253968253968,,,ns
IL-1β_T1-T3,Subcortical,0.125,0.7308,10,126,0.0003968253968253968,,,ns
S100B_T1,Subcortical,-0.125,0.7308,10,126,0.0003968253968253968,,,ns
IL-8_T1-T3,Pre-TAVI Infarcts,0.123,0.7342,10,126,0.0003968253968253968,,,ns
IL-1β_T2-T4,Pre-TAVI Infarcts,0.123,0.7342,10,126,0.0003968253968253968,,,ns
IL-10_T1-T3,Cortical,0.123,0.7348,10,126,0.0003968253968253968,,,ns
IL-12p70_T2,Right Hemisphere,0.123,0.7350,10,126,0.0003968253968253968,,,ns
Tau_T3-T4,Cerebellum,0.123,0.7352,10,126,0.0003968253968253968,,,ns
IL-12p70_T2-T4,Right Hemisphere,-0.123,0.7356,10,126,0.0003968253968253968,,,ns
IL-6_T1,Left Hemisphere,0.122,0.7372,10,126,0.0003968253968253968,,,ns
GFAP_T1-T2,Total New Infarcts,0.122,0.7379,10,126,0.0003968253968253968,,,ns
IL-1β_T3-T4,Fazekas Score,0.121,0.7400,10,126,0.0003968253968253968,,,ns
IL-8_T2-T3,Fazekas Score,0.121,0.7400,10,126,0.0003968253968253968,,,ns
S100B_T1-T2,Fazekas Score,0.121,0.7400,10,126,0.0003968253968253968,,,ns
IL-12p70_T4,Total New Infarcts,0.119,0.7435,10,126,0.0003968253968253968,,,ns
IFN-γ_T3,Subcortical,0.118,0.7445,10,126,0.0003968253968253968,,,ns
IFN-γ_T2-T3,Subcortical,-0.118,0.7445,10,126,0.0003968253968253968,,,ns
GFAP_T2,Subcortical,0.118,0.7445,10,126,0.0003968253968253968,,,ns
TNF-α_T3,Subcortical,-0.118,0.7445,10,126,0.0003968253968253968,,,ns
IL-4_T1,Left Hemisphere,0.117,0.7480,10,126,0.0003968253968253968,,,ns
IL-4_T1-T4,Left Hemisphere,-0.117,0.7480,10,126,0.0003968253968253968,,,ns
IL-4_T3,Left Hemisphere,0.117,0.7480,10,126,0.0003968253968253968,,,ns
IL-13_T1,Left Hemisphere,0.117,0.7480,10,126,0.0003968253968253968,,,ns
IL-4_T4,Left Hemisphere,0.117,0.7480,10,126,0.0003968253968253968,,,ns
IL-4_T3-T4,Left Hemisphere,0.117,0.7480,10,126,0.0003968253968253968,,,ns
IL-4_T1-T3,Left Hemisphere,-0.117,0.7480,10,126,0.0003968253968253968,,,ns
IL-13_T1-T3,Left Hemisphere,-0.117,0.7480,10,126,0.0003968253968253968,,,ns
TNF-α_T2,Pre-TAVI Infarcts,-0.117,0.7485,10,126,0.0003968253968253968,,,ns
IL-12p70_T1-T2,Microhaemorrhage,0.116,0.7488,10,126,0.0003968253968253968,,,ns
IL-8_T3-T4,Cerebellum,0.116,0.7495,10,126,0.0003968253968253968,,,ns
IL-2_T2-T3,Cerebellum,0.116,0.7495,10,126,0.0003968253968253968,,,ns
GFAP_T1-T2,Cerebellum,-0.116,0.7495,10,126,0.0003968253968253968,,,ns
NF-L_T2,Cerebellum,0.116,0.7495,10,126,0.0003968253968253968,,,ns
IL-2_T1-T4,Left Hemisphere,-0.116,0.7499,10,126,0.0003968253968253968,,,ns
S100B_T3,Left Hemisphere,0.116,0.7499,10,126,0.0003968253968253968,,,ns
IL-2_T4,Left Hemisphere,0.116,0.7499,10,126,0.0003968253968253968,,,ns
NF-L_T2,Total New Infarcts,0.116,0.7507,10,126,0.0003968253968253968,,,ns
TNF-α_T4,Total New Infarcts,0.116,0.7507,10,126,0.0003968253968253968,,,ns
Tau_T2,Total New Infarcts,-0.116,0.7507,10,126,0.0003968253968253968,,,ns
IL-12p70_T1,Subcortical,-0.113,0.7555,10,126,0.0003968253968253968,,,ns
NF-L_T2-T3,Right Hemisphere,-0.113,0.7561,10,126,0.0003968253968253968,,,ns
Tau_T1-T3,Right Hemisphere,0.113,0.7561,10,126,0.0003968253968253968,,,ns
IL-10_T3,Right Hemisphere,0.113,0.7561,10,126,0.0003968253968253968,,,ns
IL-6_T3-T4,Subcortical,-0.112,0.7584,10,126,0.0003968253968253968,,,ns
TNF-α_T1-T2,Subcortical,0.112,0.7584,10,126,0.0003968253968253968,,,ns
IL-4_T3,Microhaemorrhage,-0.111,0.7599,10,126,0.0003968253968253968,,,ns
IL-4_T4,Microhaemorrhage,-0.111,0.7599,10,126,0.0003968253968253968,,,ns
IL-4_T3-T4,Microhaemorrhage,-0.111,0.7599,10,126,0.0003968253968253968,,,ns
IL-13_T1-T3,Microhaemorrhage,0.111,0.7599,10,126,0.0003968253968253968,,,ns
IL-4_T1-T3,Microhaemorrhage,0.111,0.7599,10,126,0.0003968253968253968,,,ns
IL-13_T1,Microhaemorrhage,-0.111,0.7599,10,126,0.0003968253968253968,,,ns
IL-4_T1,Microhaemorrhage,-0.111,0.7599,10,126,0.0003968253968253968,,,ns
IL-4_T1-T4,Microhaemorrhage,0.111,0.7599,10,126,0.0003968253968253968,,,ns
IL-1β_T2,Cortical,-0.111,0.7606,10,126,0.0003968253968253968,,,ns
Tau_T1,Cortical,-0.111,0.7606,10,126,0.0003968253968253968,,,ns
NF-L_T1,Left Hemisphere,0.110,0.7628,10,126,0.0003968253968253968,,,ns
IL-1β_T1,Total New Infarcts,0.110,0.7628,10,126,0.0003968253968253968,,,ns
S100B_T1-T4,Pre-TAVI Infarcts,0.110,0.7630,10,126,0.0003968253968253968,,,ns
IL-1β_T3,Pre-TAVI Infarcts,0.110,0.7630,10,126,0.0003968253968253968,,,ns
IL-1β_T2-T3,Pre-TAVI Infarcts,0.110,0.7630,10,126,0.0003968253968253968,,,ns
IL-10_T3-T4,Pre-TAVI Infarcts,-0.110,0.7630,10,126,0.0003968253968253968,,,ns
IL-2_T1-T4,Pre-TAVI Infarcts,-0.110,0.7630,10,126,0.0003968253968253968,,,ns
IL-8_T2,Total New Infarcts,0.109,0.7635,10,126,0.0003968253968253968,,,ns
IL-8_T1,Total New Infarcts,-0.109,0.7635,10,126,0.0003968253968253968,,,ns
S100B_T2-T3,Total New Infarcts,-0.109,0.7635,10,126,0.0003968253968253968,,,ns
IL-10_T2,Cerebellum,-0.109,0.7639,10,126,0.0003968253968253968,,,ns
Tau_T2,Fazekas Score,-0.107,0.7682,10,126,0.0003968253968253968,,,ns
IL-12p70_T1-T2,Total New Infarcts,0.107,0.7692,10,126,0.0003968253968253968,,,ns
IL-2_T3,Right Hemisphere,0.107,0.7693,10,126,0.0003968253968253968,,,ns
IL-13_T1-T4,Total New Infarcts,-0.105,0.7734,10,126,0.0003968253968253968,,,ns
S100B_T1,Cortical,-0.105,0.7736,10,126,0.0003968253968253968,,,ns
IL-12p70_T1-T3,Left Hemisphere,0.104,0.7750,10,126,0.0003968253968253968,,,ns
IL-12p70_T2,Fazekas Score,-0.104,0.7756,10,126,0.0003968253968253968,,,ns
IL-2_T3-T4,Left Hemisphere,-0.104,0.7757,10,126,0.0003968253968253968,,,ns
NF-L_T1-T2,Left Hemisphere,0.104,0.7757,10,126,0.0003968253968253968,,,ns
TNF-α_T3,Total New Infarcts,0.103,0.7763,10,126,0.0003968253968253968,,,ns
S100B_T2,Total New Infarcts,0.103,0.7763,10,126,0.0003968253968253968,,,ns
IL-2_T3,Total New Infarcts,0.103,0.7763,10,126,0.0003968253968253968,,,ns
IL-8_T1-T3,Total New Infarcts,0.103,0.7763,10,126,0.0003968253968253968,,,ns
S100B_T1-T2,Pre-TAVI Infarcts,-0.103,0.7775,10,126,0.0003968253968253968,,,ns
TNF-α_T3-T4,Cerebellum,0.102,0.7783,10,126,0.0003968253968253968,,,ns
IL-13_T1-T4,Pre-TAVI Infarcts,0.101,0.7809,10,126,0.0003968253968253968,,,ns
IL-1β_T1,Fazekas Score,-0.101,0.7817,10,126,0.0003968253968253968,,,ns
IL-2_T3,Fazekas Score,0.101,0.7824,10,126,0.0003968253968253968,,,ns
Tau_T2-T3,Fazekas Score,0.101,0.7824,10,126,0.0003968253968253968,,,ns
IL-6_T1,Right Hemisphere,0.100,0.7826,10,126,0.0003968253968253968,,,ns
IL-2_T2-T3,Right Hemisphere,0.100,0.7826,10,126,0.0003968253968253968,,,ns
NF-L_T1,Right Hemisphere,0.100,0.7826,10,126,0.0003968253968253968,,,ns
IFN-γ_T3-T4,Subcortical,0.099,0.7862,10,126,0.0003968253968253968,,,ns
IL-6_T1,Cortical,0.098,0.7867,10,126,0.0003968253968253968,,,ns
TNF-α_T1-T3,Cortical,0.098,0.7867,10,126,0.0003968253968253968,,,ns
IL-2_T1-T3,Right Hemisphere,-0.098,0.7887,10,126,0.0003968253968253968,,,ns
IFN-γ_T2-T3,Total New Infarcts,-0.097,0.7892,10,126,0.0003968253968253968,,,ns
IL-12p70_T1-T4,Total New Infarcts,0.097,0.7892,10,126,0.0003968253968253968,,,ns
IL-1β_T1-T2,Pre-TAVI Infarcts,0.096,0.7920,10,126,0.0003968253968253968,,,ns
IL-13_T2-T4,Total New Infarcts,0.096,0.7922,10,126,0.0003968253968253968,,,ns
IL-2_T1-T4,Right Hemisphere,-0.094,0.7960,10,126,0.0003968253968253968,,,ns
IL-13_T3-T4,Cerebellum,0.093,0.7992,10,126,0.0003968253968253968,,,ns
IL-13_T4,Cerebellum,0.093,0.7992,10,126,0.0003968253968253968,,,ns
S100B_T2-T3,Cortical,-0.092,0.7998,10,126,0.0003968253968253968,,,ns
IL-8_T2-T3,Subcortical,0.092,0.8002,10,126,0.0003968253968253968,,,ns
S100B_T2-T3,Subcortical,-0.092,0.8002,10,126,0.0003968253968253968,,,ns
NF-L_T2-T3,Subcortical,-0.092,0.8002,10,126,0.0003968253968253968,,,ns
Tau_T1-T2,Left Hemisphere,0.091,0.8016,10,126,0.0003968253968253968,,,ns
IL-10_T1-T3,Total New Infarcts,-0.091,0.8022,10,126,0.0003968253968253968,,,ns
IL-4_T1-T2,Total New Infarcts,-0.091,0.8024,10,126,0.0003968253968253968,,,ns
IL-4_T2-T4,Total New Infarcts,0.091,0.8024,10,126,0.0003968253968253968,,,ns
IL-4_T2,Total New Infarcts,-0.091,0.8024,10,126,0.0003968253968253968,,,ns
IL-4_T2-T3,Total New Infarcts,0.091,0.8024,10,126,0.0003968253968253968,,,ns
IL-10_T1-T2,Pre-TAVI Infarcts,0.089,0.8066,10,126,0.0003968253968253968,,,ns
IL-10_T2-T4,Pre-TAVI Infarcts,-0.089,0.8066,10,126,0.0003968253968253968,,,ns
Tau_T1-T2,Pre-TAVI Infarcts,-0.089,0.8066,10,126,0.0003968253968253968,,,ns
NF-L_T2,Pre-TAVI Infarcts,-0.089,0.8066,10,126,0.0003968253968253968,,,ns
TNF-α_T1-T2,Pre-TAVI Infarcts,0.089,0.8066,10,126,0.0003968253968253968,,,ns
Tau_T2,Pre-TAVI Infarcts,-0.089,0.8066,10,126,0.0003968253968253968,,,ns
IL-1β_T3,Cerebellum,-0.089,0.8074,10,126,0.0003968253968253968,,,ns
Tau_T3,Right Hemisphere,0.088,0.8094,10,126,0.0003968253968253968,,,ns
IL-10_T3-T4,Right Hemisphere,-0.088,0.8094,10,126,0.0003968253968253968,,,ns
Tau_T3,Fazekas Score,-0.087,0.8109,10,126,0.0003968253968253968,,,ns
IL-2_T2,Subcortical,0.086,0.8143,10,126,0.0003968253968253968,,,ns
IL-10_T2,Left Hemisphere,0.085,0.8146,10,126,0.0003968253968253968,,,ns
IL-2_T1-T2,Left Hemisphere,-0.085,0.8146,10,126,0.0003968253968253968,,,ns
IL-6_T1,Total New Infarcts,-0.085,0.8152,10,126,0.0003968253968253968,,,ns
IFN-γ_T4,Total New Infarcts,-0.085,0.8152,10,126,0.0003968253968253968,,,ns
IL-4_T1-T2,Cerebellum,-0.083,0.8200,10,126,0.0003968253968253968,,,ns
IL-4_T2-T4,Cerebellum,0.083,0.8200,10,126,0.0003968253968253968,,,ns
IL-4_T2,Cerebellum,-0.083,0.8200,10,126,0.0003968253968253968,,,ns
IL-4_T2-T3,Cerebellum,0.083,0.8200,10,126,0.0003968253968253968,,,ns
IL-12p70_T3-T4,Subcortical,-0.082,0.8208,10,126,0.0003968253968253968,,,ns
TNF-α_T1-T3,Right Hemisphere,0.082,0.8228,10,126,0.0003968253968253968,,,ns
S100B_T2-T4,Cortical,-0.080,0.8261,10,126,0.0003968253968253968,,,ns
IL-10_T2-T4,Cortical,-0.080,0.8261,10,126,0.0003968253968253968,,,ns
NF-L_T3-T4,Cortical,0.080,0.8261,10,126,0.0003968253968253968,,,ns
IL-12p70_T2,Cortical,-0.079,0.8275,10,126,0.0003968253968253968,,,ns
IL-8_T2-T3,Left Hemisphere,0.079,0.8277,10,126,0.0003968253968253968,,,ns
IL-12p70_T1-T4,Left Hemisphere,0.079,0.8277,10,126,0.0003968253968253968,,,ns
IL-8_T2-T3,Total New Infarcts,-0.079,0.8282,10,126,0.0003968253968253968,,,ns
GFAP_T1-T4,Subcortical,0.079,0.8284,10,126,0.0003968253968253968,,,ns
NF-L_T1,Subcortical,-0.079,0.8284,10,126,0.0003968253968253968,,,ns
IL-12p70_T1,Right Hemisphere,0.076,0.8343,10,126,0.0003968253968253968,,,ns
Tau_T1-T3,Pre-TAVI Infarcts,0.075,0.8360,10,126,0.0003968253968253968,,,ns
IL-10_T1-T4,Pre-TAVI Infarcts,-0.075,0.8360,10,126,0.0003968253968253968,,,ns
IL-6_T1-T3,Right Hemisphere,-0.075,0.8363,10,126,0.0003968253968253968,,,ns
IL-6_T2-T3,Right Hemisphere,0.075,0.8363,10,126,0.0003968253968253968,,,ns
TNF-α_T1,Cerebellum,-0.075,0.8366,10,126,0.0003968253968253968,,,ns
S100B_T3-T4,Cerebellum,-0.075,0.8366,10,126,0.0003968253968253968,,,ns
IL-10_T3-T4,Cerebellum,0.075,0.8366,10,126,0.0003968253968253968,,,ns
IL-8_T1-T3,Cerebellum,0.075,0.8366,10,126,0.0003968253968253968,,,ns
IL-8_T1-T4,Cortical,-0.074,0.8393,10,126,0.0003968253968253968,,,ns
IL-10_T3-T4,Cortical,-0.074,0.8393,10,126,0.0003968253968253968,,,ns
IL-2_T1-T3,Left Hemisphere,-0.073,0.8403,10,126,0.0003968253968253968,,,ns
S100B_T2-T3,Left Hemisphere,-0.073,0.8408,10,126,0.0003968253968253968,,,ns
IFN-γ_T1,Total New Infarcts,0.073,0.8413,10,126,0.0003968253968253968,,,ns
S100B_T4,Total New Infarcts,0.073,0.8413,10,126,0.0003968253968253968,,,ns
GFAP_T4,Total New Infarcts,0.073,0.8413,10,126,0.0003968253968253968,,,ns
Tau_T1,Total New Infarcts,0.073,0.8413,10,126,0.0003968253968253968,,,ns
IL-8_T3,Total New Infarcts,0.073,0.8413,10,126,0.0003968253968253968,,,ns
S100B_T4,Subcortical,-0.072,0.8425,10,126,0.0003968253968253968,,,ns
IL-13_T1-T4,Microhaemorrhage,-0.071,0.8446,10,126,0.0003968253968253968,,,ns
IL-10_T4,Fazekas Score,-0.071,0.8464,10,126,0.0003968253968253968,,,ns
IL-6_T3-T4,Pre-TAVI Infarcts,-0.069,0.8508,10,126,0.0003968253968253968,,,ns
IL-6_T3-T4,Cerebellum,0.068,0.8513,10,126,0.0003968253968253968,,,ns
IL-2_T2-T4,Cortical,0.068,0.8526,10,126,0.0003968253968253968,,,ns
IL-13_T2,Right Hemisphere,0.067,0.8538,10,126,0.0003968253968253968,,,ns
IL-13_T1-T2,Right Hemisphere,0.067,0.8538,10,126,0.0003968253968253968,,,ns
IL-13_T2-T3,Right Hemisphere,-0.067,0.8538,10,126,0.0003968253968253968,,,ns
GFAP_T1-T2,Left Hemisphere,0.067,0.8539,10,126,0.0003968253968253968,,,ns
IL-2_T1,Left Hemisphere,0.067,0.8539,10,126,0.0003968253968253968,,,ns
IL-10_T1-T3,Fazekas Score,0.067,0.8541,10,126,0.0003968253968253968,,,ns
GFAP_T2-T3,Total New Infarcts,0.067,0.8544,10,126,0.0003968253968253968,,,ns
IL-2_T3-T4,Total New Infarcts,-0.067,0.8544,10,126,0.0003968253968253968,,,ns
IL-12p70_T1-T2,Right Hemisphere,0.066,0.8561,10,126,0.0003968253968253968,,,ns
IL-10_T2,Subcortical,-0.066,0.8567,10,126,0.0003968253968253968,,,ns
GFAP_T1,Subcortical,-0.066,0.8567,10,126,0.0003968253968253968,,,ns
IFN-γ_T2-T4,Right Hemisphere,0.063,0.8633,10,126,0.0003968253968253968,,,ns
Tau_T2,Right Hemisphere,-0.063,0.8633,10,126,0.0003968253968253968,,,ns
IL-12p70_T3,Total New Infarcts,-0.063,0.8633,10,126,0.0003968253968253968,,,ns
IL-12p70_T4,Subcortical,0.063,0.8634,10,126,0.0003968253968253968,,,ns
IL-12p70_T2-T4,Cortical,0.062,0.8655,10,126,0.0003968253968253968,,,ns
IL-6_T1-T4,Cortical,-0.062,0.8659,10,126,0.0003968253968253968,,,ns
IL-2_T1-T4,Cortical,-0.062,0.8659,10,126,0.0003968253968253968,,,ns
IL-6_T3-T4,Cortical,-0.062,0.8659,10,126,0.0003968253968253968,,,ns
IL-4_T2-T3,Cortical,-0.061,0.8660,10,126,0.0003968253968253968,,,ns
IL-13_T2,Cortical,-0.061,0.8660,10,126,0.0003968253968253968,,,ns
IL-4_T2-T4,Cortical,-0.061,0.8660,10,126,0.0003968253968253968,,,ns
IL-4_T2,Cortical,0.061,0.8660,10,126,0.0003968253968253968,,,ns
IL-13_T1-T2,Cortical,-0.061,0.8660,10,126,0.0003968253968253968,,,ns
IL-4_T1-T2,Cortical,0.061,0.8660,10,126,0.0003968253968253968,,,ns
IL-13_T2-T3,Cortical,0.061,0.8660,10,126,0.0003968253968253968,,,ns
GFAP_T3-T4,Cerebellum,-0.061,0.8661,10,126,0.0003968253968253968,,,ns
IL-10_T2-T4,Cerebellum,-0.061,0.8661,10,126,0.0003968253968253968,,,ns
TNF-α_T4,Left Hemisphere,-0.061,0.8671,10,126,0.0003968253968253968,,,ns
TNF-α_T1,Left Hemisphere,-0.061,0.8671,10,126,0.0003968253968253968,,,ns
IL-8_T3-T4,Left Hemisphere,-0.061,0.8671,10,126,0.0003968253968253968,,,ns
GFAP_T1,Total New Infarcts,0.061,0.8675,10,126,0.0003968253968253968,,,ns
IL-12p70_T1-T3,Right Hemisphere,0.060,0.8697,10,126,0.0003968253968253968,,,ns
GFAP_T3-T4,Subcortical,0.059,0.8709,10,126,0.0003968253968253968,,,ns
NF-L_T3,Subcortical,0.059,0.8709,10,126,0.0003968253968253968,,,ns
IL-2_T2-T4,Subcortical,0.059,0.8709,10,126,0.0003968253968253968,,,ns
IL-6_T1-T4,Microhaemorrhage,0.058,0.8735,10,126,0.0003968253968253968,,,ns
S100B_T1,Microhaemorrhage,-0.058,0.8735,10,126,0.0003968253968253968,,,ns
GFAP_T2-T4,Microhaemorrhage,0.058,0.8735,10,126,0.0003968253968253968,,,ns
IFN-γ_T2,Microhaemorrhage,0.058,0.8735,10,126,0.0003968253968253968,,,ns
IL-8_T3-T4,Microhaemorrhage,0.058,0.8735,10,126,0.0003968253968253968,,,ns
IL-1β_T2-T3,Microhaemorrhage,0.058,0.8735,10,126,0.0003968253968253968,,,ns
IL-1β_T1-T2,Microhaemorrhage,-0.058,0.8735,10,126,0.0003968253968253968,,,ns
S100B_T4,Microhaemorrhage,0.058,0.8735,10,126,0.0003968253968253968,,,ns
IL-6_T4,Microhaemorrhage,-0.058,0.8735,10,126,0.0003968253968253968,,,ns
IL-6_T3-T4,Microhaemorrhage,0.058,0.8735,10,126,0.0003968253968253968,,,ns
IL-12p70_T1-T4,Microhaemorrhage,-0.058,0.8735,10,126,0.0003968253968253968,,,ns
Tau_T2-T3,Microhaemorrhage,-0.058,0.8735,10,126,0.0003968253968253968,,,ns
IL-1β_T1-T3,Microhaemorrhage,-0.058,0.8735,10,126,0.0003968253968253968,,,ns
TNF-α_T1-T2,Microhaemorrhage,-0.058,0.8735,10,126,0.0003968253968253968,,,ns
IL-2_T2-T4,Microhaemorrhage,-0.058,0.8735,10,126,0.0003968253968253968,,,ns
IL-10_T2-T4,Microhaemorrhage,-0.058,0.8735,10,126,0.0003968253968253968,,,ns
NF-L_T2-T3,Microhaemorrhage,0.058,0.8735,10,126,0.0003968253968253968,,,ns
Tau_T2-T4,Microhaemorrhage,0.058,0.8735,10,126,0.0003968253968253968,,,ns
IL-1β_T3-T4,Microhaemorrhage,-0.058,0.8735,10,126,0.0003968253968253968,,,ns
Tau_T1,Microhaemorrhage,-0.058,0.8735,10,126,0.0003968253968253968,,,ns
TNF-α_T3-T4,Microhaemorrhage,0.058,0.8735,10,126,0.0003968253968253968,,,ns
IL-6_T2-T4,Microhaemorrhage,-0.058,0.8735,10,126,0.0003968253968253968,,,ns
IL-4_T2-T4,Subcortical,0.056,0.8771,10,126,0.0003968253968253968,,,ns
IL-4_T1-T2,Subcortical,-0.056,0.8771,10,126,0.0003968253968253968,,,ns
IL-4_T2-T3,Subcortical,0.056,0.8771,10,126,0.0003968253968253968,,,ns
IL-4_T2,Subcortical,-0.056,0.8771,10,126,0.0003968253968253968,,,ns
IL-2_T1-T3,Cortical,0.056,0.8788,10,126,0.0003968253968253968,,,ns
IL-6_T1-T2,Cortical,0.055,0.8792,10,126,0.0003968253968253968,,,ns
IL-12p70_T1-T2,Left Hemisphere,0.055,0.8800,10,126,0.0003968253968253968,,,ns
TNF-α_T1-T3,Left Hemisphere,-0.055,0.8803,10,126,0.0003968253968253968,,,ns
TNF-α_T1-T4,Total New Infarcts,0.055,0.8807,10,126,0.0003968253968253968,,,ns
Tau_T1-T2,Total New Infarcts,0.055,0.8807,10,126,0.0003968253968253968,,,ns
IL-2_T3,Cerebellum,0.055,0.8809,10,126,0.0003968253968253968,,,ns
IL-2_T3-T4,Cerebellum,0.055,0.8809,10,126,0.0003968253968253968,,,ns
IL-6_T2-T3,Cerebellum,0.055,0.8809,10,126,0.0003968253968253968,,,ns
IL-12p70_T3,Cortical,-0.054,0.8823,10,126,0.0003968253968253968,,,ns
IL-13_T2-T4,Cerebellum,0.054,0.8826,10,126,0.0003968253968253968,,,ns
IL-10_T1-T4,Fazekas Score,0.054,0.8831,10,126,0.0003968253968253968,,,ns
S100B_T3-T4,Fazekas Score,0.054,0.8831,10,126,0.0003968253968253968,,,ns
Tau_T1-T3,Fazekas Score,-0.054,0.8831,10,126,0.0003968253968253968,,,ns
IL-2_T2-T3,Subcortical,-0.053,0.8852,10,126,0.0003968253968253968,,,ns
IL-13_T2-T4,Cortical,0.052,0.8866,10,126,0.0003968253968253968,,,ns
GFAP_T3-T4,Right Hemisphere,-0.050,0.8905,10,126,0.0003968253968253968,,,ns
IL-8_T2-T3,Right Hemisphere,0.050,0.8905,10,126,0.0003968253968253968,,,ns
IL-12p70_T3-T4,Cortical,0.049,0.8922,10,126,0.0003968253968253968,,,ns
IFN-γ_T1-T4,Cortical,0.049,0.8926,10,126,0.0003968253968253968,,,ns
GFAP_T1,Cortical,0.049,0.8926,10,126,0.0003968253968253968,,,ns
GFAP_T3-T4,Cortical,-0.049,0.8926,10,126,0.0003968253968253968,,,ns
S100B_T2,Left Hemisphere,0.049,0.8935,10,126,0.0003968253968253968,,,ns
Tau_T1,Left Hemisphere,-0.049,0.8935,10,126,0.0003968253968253968,,,ns
IFN-γ_T2-T3,Left Hemisphere,-0.049,0.8935,10,126,0.0003968253968253968,,,ns
TNF-α_T3,Left Hemisphere,0.049,0.8935,10,126,0.0003968253968253968,,,ns
IL-10_T2-T3,Total New Infarcts,-0.049,0.8939,10,126,0.0003968253968253968,,,ns
IL-2_T2-T4,Cerebellum,0.048,0.8957,10,126,0.0003968253968253968,,,ns
IFN-γ_T1-T4,Cerebellum,-0.048,0.8957,10,126,0.0003968253968253968,,,ns
IL-2_T1-T2,Fazekas Score,0.047,0.8976,10,126,0.0003968253968253968,,,ns
IL-1β_T3,Fazekas Score,0.047,0.8976,10,126,0.0003968253968253968,,,ns
S100B_T2,Subcortical,0.046,0.8995,10,126,0.0003968253968253968,,,ns
IL-10_T2-T3,Subcortical,-0.046,0.8995,10,126,0.0003968253968253968,,,ns
IL-12p70_T1-T3,Cerebellum,-0.045,0.9028,10,126,0.0003968253968253968,,,ns
IL-6_T1-T2,Right Hemisphere,0.044,0.9041,10,126,0.0003968253968253968,,,ns
IL-10_T2-T4,Right Hemisphere,-0.044,0.9041,10,126,0.0003968253968253968,,,ns
IL-6_T1-T2,Left Hemisphere,0.043,0.9068,10,126,0.0003968253968253968,,,ns
TNF-α_T1,Total New Infarcts,0.043,0.9071,10,126,0.0003968253968253968,,,ns
TNF-α_T2-T3,Pre-TAVI Infarcts,-0.041,0.9102,10,126,0.0003968253968253968,,,ns
IL-2_T3,Pre-TAVI Infarcts,0.041,0.9102,10,126,0.0003968253968253968,,,ns
IL-1β_T2-T4,Cerebellum,0.041,0.9105,10,126,0.0003968253968253968,,,ns
IFN-γ_T1-T3,Cerebellum,0.041,0.9105,10,126,0.0003968253968253968,,,ns
IL-8_T2-T3,Cerebellum,-0.041,0.9105,10,126,0.0003968253968253968,,,ns
IL-12p70_T2,Left Hemisphere,-0.041,0.9107,10,126,0.0003968253968253968,,,ns
Tau_T4,Fazekas Score,0.040,0.9122,10,126,0.0003968253968253968,,,ns
IL-10_T2-T3,Fazekas Score,0.040,0.9122,10,126,0.0003968253968253968,,,ns
IL-12p70_T2-T4,Left Hemisphere,0.040,0.9132,10,126,0.0003968253968253968,,,ns
IL-12p70_T3-T4,Left Hemisphere,-0.040,0.9132,10,126,0.0003968253968253968,,,ns
TNF-α_T1-T3,Subcortical,-0.039,0.9138,10,126,0.0003968253968253968,,,ns
IL-12p70_T1-T4,Subcortical,-0.039,0.9138,10,126,0.0003968253968253968,,,ns
IL-13_T3-T4,Pre-TAVI Infarcts,-0.039,0.9145,10,126,0.0003968253968253968,,,ns
IL-13_T4,Pre-TAVI Infarcts,-0.039,0.9145,10,126,0.0003968253968253968,,,ns
IL-8_T1,Right Hemisphere,-0.038,0.9178,10,126,0.0003968253968253968,,,ns
TNF-α_T2-T3,Right Hemisphere,0.038,0.9178,10,126,0.0003968253968253968,,,ns
NF-L_T3,Right Hemisphere,0.038,0.9178,10,126,0.0003968253968253968,,,ns
IL-8_T3,Right Hemisphere,-0.038,0.9178,10,126,0.0003968253968253968,,,ns
IL-13_T1-T4,Left Hemisphere,-0.038,0.9181,10,126,0.0003968253968253968,,,ns
IL-10_T3,Left Hemisphere,0.037,0.9201,10,126,0.0003968253968253968,,,ns
IL-1β_T3,Left Hemisphere,-0.037,0.9201,10,126,0.0003968253968253968,,,ns
GFAP_T3-T4,Total New Infarcts,-0.036,0.9203,10,126,0.0003968253968253968,,,ns
IL-13_T4,Left Hemisphere,0.035,0.9239,10,126,0.0003968253968253968,,,ns
IL-13_T3-T4,Left Hemisphere,0.035,0.9239,10,126,0.0003968253968253968,,,ns
IL-6_T4,Pre-TAVI Infarcts,-0.034,0.9251,10,126,0.0003968253968253968,,,ns
IL-6_T2-T4,Pre-TAVI Infarcts,-0.034,0.9251,10,126,0.0003968253968253968,,,ns
S100B_T1-T3,Cerebellum,-0.034,0.9254,10,126,0.0003968253968253968,,,ns
IL-8_T3,Cerebellum,-0.034,0.9254,10,126,0.0003968253968253968,,,ns
IL-8_T1-T3,Fazekas Score,-0.034,0.9268,10,126,0.0003968253968253968,,,ns
TNF-α_T1-T4,Subcortical,-0.033,0.9281,10,126,0.0003968253968253968,,,ns
IL-8_T3-T4,Right Hemisphere,0.031,0.9315,10,126,0.0003968253968253968,,,ns
TNF-α_T1-T2,Right Hemisphere,-0.031,0.9315,10,126,0.0003968253968253968,,,ns
Tau_T2-T3,Right Hemisphere,0.031,0.9315,10,126,0.0003968253968253968,,,ns
GFAP_T1-T3,Right Hemisphere,0.031,0.9315,10,126,0.0003968253968253968,,,ns
IL-12p70_T1-T2,Cerebellum,0.031,0.9326,10,126,0.0003968253968253968,,,ns
GFAP_T2-T3,Left Hemisphere,0.030,0.9334,10,126,0.0003968253968253968,,,ns
NF-L_T2,Left Hemisphere,0.030,0.9334,10,126,0.0003968253968253968,,,ns
IL-8_T3-T4,Total New Infarcts,0.030,0.9336,10,126,0.0003968253968253968,,,ns
IFN-γ_T1-T4,Total New Infarcts,0.030,0.9336,10,126,0.0003968253968253968,,,ns
IL-1β_T1,Left Hemisphere,0.028,0.9398,10,126,0.0003968253968253968,,,ns
IL-2_T1-T3,Total New Infarcts,-0.027,0.9400,10,126,0.0003968253968253968,,,ns
IL-1β_T4,Pre-TAVI Infarcts,0.027,0.9401,10,126,0.0003968253968253968,,,ns
TNF-α_T4,Cerebellum,-0.027,0.9403,10,126,0.0003968253968253968,,,ns
IL-2_T1-T2,Cerebellum,0.027,0.9403,10,126,0.0003968253968253968,,,ns
GFAP_T2,Cerebellum,-0.027,0.9403,10,126,0.0003968253968253968,,,ns
IFN-γ_T1-T2,Fazekas Score,-0.027,0.9414,10,126,0.0003968253968253968,,,ns
TNF-α_T2,Fazekas Score,-0.027,0.9414,10,126,0.0003968253968253968,,,ns
IFN-γ_T2-T4,Subcortical,-0.026,0.9425,10,126,0.0003968253968253968,,,ns
IL-6_T1-T3,Subcortical,0.026,0.9425,10,126,0.0003968253968253968,,,ns
IL-1β_T1-T3,Right Hemisphere,-0.025,0.9451,10,126,0.0003968253968253968,,,ns
IL-8_T1-T3,Right Hemisphere,0.025,0.9451,10,126,0.0003968253968253968,,,ns
IL-8_T2,Right Hemisphere,-0.025,0.9451,10,126,0.0003968253968253968,,,ns
GFAP_T4,Cortical,0.025,0.9462,10,126,0.0003968253968253968,,,ns
IL-8_T2-T4,Cortical,0.025,0.9462,10,126,0.0003968253968253968,,,ns
IL-1β_T1,Subcortical,-0.023,0.9495,10,126,0.0003968253968253968,,,ns
IL-12p70_T3,Left Hemisphere,-0.022,0.9519,10,126,0.0003968253968253968,,,ns
IL-12p70_T3-T4,Total New Infarcts,-0.021,0.9533,10,126,0.0003968253968253968,,,ns
IL-1β_T1,Pre-TAVI Infarcts,0.021,0.9549,10,126,0.0003968253968253968,,,ns
IL-1β_T3-T4,Pre-TAVI Infarcts,-0.021,0.9550,10,126,0.0003968253968253968,,,ns
IL-8_T1-T4,Cerebellum,0.020,0.9552,10,126,0.0003968253968253968,,,ns
S100B_T4,Cerebellum,-0.020,0.9552,10,126,0.0003968253968253968,,,ns
IL-6_T2,Subcortical,0.020,0.9568,10,126,0.0003968253968253968,,,ns
TNF-α_T4,Subcortical,0.020,0.9568,10,126,0.0003968253968253968,,,ns
IL-1β_T2,Right Hemisphere,-0.019,0.9588,10,126,0.0003968253968253968,,,ns
IL-8_T2-T3,Cortical,-0.018,0.9596,10,126,0.0003968253968253968,,,ns
IL-8_T1-T3,Cortical,-0.018,0.9596,10,126,0.0003968253968253968,,,ns
IL-8_T1,Left Hemisphere,-0.018,0.9600,10,126,0.0003968253968253968,,,ns
IL-2_T3,Left Hemisphere,-0.018,0.9600,10,126,0.0003968253968253968,,,ns
IL-10_T1,Left Hemisphere,0.018,0.9600,10,126,0.0003968253968253968,,,ns
IL-10_T1-T3,Left Hemisphere,0.018,0.9600,10,126,0.0003968253968253968,,,ns
NF-L_T2-T4,Left Hemisphere,-0.018,0.9600,10,126,0.0003968253968253968,,,ns
IL-10_T3,Total New Infarcts,-0.018,0.9601,10,126,0.0003968253968253968,,,ns
IL-2_T2-T4,Total New Infarcts,-0.018,0.9601,10,126,0.0003968253968253968,,,ns
IL-12p70_T2,Pre-TAVI Infarcts,0.018,0.9613,10,126,0.0003968253968253968,,,ns
IL-2_T1-T3,Cerebellum,0.017,0.9626,10,126,0.0003968253968253968,,,ns
IL-12p70_T1-T2,Subcortical,0.016,0.9639,10,126,0.0003968253968253968,,,ns
IL-13_T1-T2,Cerebellum,-0.015,0.9680,10,126,0.0003968253968253968,,,ns
IL-13_T2-T3,Cerebellum,0.015,0.9680,10,126,0.0003968253968253968,,,ns
IL-13_T2,Cerebellum,-0.015,0.9680,10,126,0.0003968253968253968,,,ns
S100B_T1-T3,Pre-TAVI Infarcts,-0.014,0.9700,10,126,0.0003968253968253968,,,ns
Tau_T3,Pre-TAVI Infarcts,-0.014,0.9700,10,126,0.0003968253968253968,,,ns
IL-8_T1-T2,Pre-TAVI Infarcts,-0.014,0.9700,10,126,0.0003968253968253968,,,ns
S100B_T2-T4,Pre-TAVI Infarcts,0.014,0.9700,10,126,0.0003968253968253968,,,ns
IL-10_T1-T4,Cerebellum,-0.014,0.9701,10,126,0.0003968253968253968,,,ns
TNF-α_T1-T4,Cerebellum,-0.014,0.9701,10,126,0.0003968253968253968,,,ns
IL-13_T4,Cortical,0.013,0.9712,10,126,0.0003968253968253968,,,ns
IL-13_T3-T4,Cortical,0.013,0.9712,10,126,0.0003968253968253968,,,ns
IL-6_T3,Subcortical,-0.013,0.9712,10,126,0.0003968253968253968,,,ns
IL-13_T4,Total New Infarcts,-0.013,0.9715,10,126,0.0003968253968253968,,,ns
IL-13_T3-T4,Total New Infarcts,-0.013,0.9715,10,126,0.0003968253968253968,,,ns
IL-2_T3-T4,Right Hemisphere,0.013,0.9726,10,126,0.0003968253968253968,,,ns
TNF-α_T2-T4,Right Hemisphere,0.013,0.9726,10,126,0.0003968253968253968,,,ns
NF-L_T2-T4,Cortical,-0.012,0.9731,10,126,0.0003968253968253968,,,ns
IL-12p70_T3,Subcortical,0.010,0.9777,10,126,0.0003968253968253968,,,ns
IL-1β_T2,Pre-TAVI Infarcts,-0.007,0.9850,10,126,0.0003968253968253968,,,ns
IL-1β_T1-T4,Pre-TAVI Infarcts,-0.007,0.9850,10,126,0.0003968253968253968,,,ns
IFN-γ_T1,Cerebellum,-0.007,0.9851,10,126,0.0003968253968253968,,,ns
NF-L_T1-T4,Fazekas Score,0.007,0.9853,10,126,0.0003968253968253968,,,ns
Tau_T1-T4,Fazekas Score,0.007,0.9853,10,126,0.0003968253968253968,,,ns
IL-10_T3-T4,Fazekas Score,-0.007,0.9853,10,126,0.0003968253968253968,,,ns
IL-10_T2-T4,Fazekas Score,-0.007,0.9853,10,126,0.0003968253968253968,,,ns
GFAP_T3,Subcortical,0.007,0.9856,10,126,0.0003968253968253968,,,ns
IL-6_T2-T4,Cortical,-0.006,0.9865,10,126,0.0003968253968253968,,,ns
GFAP_T2-T3,Cortical,0.006,0.9865,10,126,0.0003968253968253968,,,ns
IL-6_T4,Cortical,-0.006,0.9865,10,126,0.0003968253968253968,,,ns
S100B_T4,Left Hemisphere,0.006,0.9867,10,126,0.0003968253968253968,,,ns
IL-10_T2-T3,Left Hemisphere,0.006,0.9867,10,126,0.0003968253968253968,,,ns
IL-2_T1-T4,Total New Infarcts,0.006,0.9867,10,126,0.0003968253968253968,,,ns
TNF-α_T1-T3,Total New Infarcts,-0.006,0.9867,10,126,0.0003968253968253968,,,ns
IL-12p70_T1-T3,Microhaemorrhage,0.000,1.0000,10,126,0.0003968253968253968,,,ns
S100B_T3,Cerebellum,0.000,1.0000,10,126,0.0003968253968253968,,,ns
IL-8_T2,Cerebellum,0.000,1.0000,10,126,0.0003968253968253968,,,ns
IL-13_T2-T4,Subcortical,0.000,1.0000,10,126,0.0003968253968253968,,,ns
IL-12p70_T3-T4,Microhaemorrhage,0.000,1.0000,10,126,0.0003968253968253968,,,ns
IL-1β_T1-T3,Cortical,0.000,1.0000,10,126,0.0003968253968253968,,,ns
IL-12p70_T2-T4,Microhaemorrhage,0.000,1.0000,10,126,0.0003968253968253968,,,ns
TNF-α_T3-T4,Left Hemisphere,0.000,1.0000,10,126,0.0003968253968253968,,,ns
IL-8_T1-T2,Cerebellum,0.000,1.0000,10,126,0.0003968253968253968,,,ns
IL-12p70_T2-T3,Microhaemorrhage,0.000,1.0000,10,126,0.0003968253968253968,,,ns
IL-13_T2-T4,Microhaemorrhage,0.000,1.0000,10,126,0.0003968253968253968,,,ns
NF-L_T2-T4,Total New Infarcts,0.000,1.0000,10,126,0.0003968253968253968,,,ns
IL-13_T3,Fazekas Score,N/A,N/A,10,126,0.0003968253968253968,,,N/A
IL-13_T3,Pre-TAVI Infarcts,N/A,N/A,10,126,0.0003968253968253968,,,N/A
IL-13_T3,Total New Infarcts,N/A,N/A,10,126,0.0003968253968253968,,,N/A
IL-13_T3,Cortical,N/A,N/A,10,126,0.0003968253968253968,,,N/A
IL-13_T3,Subcortical,N/A,N/A,10,126,0.0003968253968253968,,,N/A
IL-13_T3,Right Hemisphere,N/A,N/A,10,126,0.0003968253968253968,,,N/A
IL-13_T3,Left Hemisphere,N/A,N/A,10,126,0.0003968253968253968,,,N/A
IL-13_T3,Cerebellum,N/A,N/A,10,126,0.0003968253968253968,,,N/A
IL-13_T3,Microhaemorrhage,N/A,N/A,10,126,0.0003968253968253968,,,N/A
